"Model Annual Model Annual",
"MPG MPG",
"Configuration",
"(trans eng size cyl) Comb City/Hwy Fuel",
"Cost GHG",
"Rating Notes Configuration",
"(trans eng size cyl) Comb City/Hwy Fuel",
"Cost GHG",
"Rating Notes",
"TWO-SEATER CARS SF90 Stradale",
"AM-8 3.9L 8cyl See page 42. PR T PHEV SS",
"ACURA",
"NSX Hybrid",
"FORD",
"GT",
"AM-S9 3.5L 6cyl 21 21/22 $2 900 4 PR T HEV SS",
"AM-7 3.5L 6cyl 14 12/18 $4 350 2 PR T Tax",
"ASTON MARTIN",
"Vantage V8",
"JAGUAR",
"F-Type P450 AWD R-Dynamic Convertible",
"A-8 4.0L 8cyl 20 18/24 $3 050 4 P T",
"A-S8 5.0L 8cyl 18 16/24 $3 400 3 P S SS",
"F-Type P450 AWD R-Dynamic Coupe",
"AUDI",
"R8 Coupe",
"A-S8 5.0L 8cyl 18 16/24 $3 400 3 P S SS",
"F-Type P450 RWD Convertible",
"AM-S7 5.2L 10cyl 15 13/19 $4 100 2 PR Tax CD",
"A-S8 5.0L 8cyl 19 17/24 $3 200 4 P S SS",
"R8 Coupe RWD",
"F-Type P450 RWD Coupe",
"AM-S7 5.2L 10cyl 17 14/23 $3 600 3 PR Tax CD",
"A-S8 5.0L 8cyl 19 17/24 $3 200 4 P S SS",
"R8 Spyder",
"F-Type R AWD Convertible",
"AM-S7 5.2L 10cyl 15 13/19 $4 100 2 PR Tax CD",
"A-S8 5.0L 8cyl 18 16/24 $3 400 3 P S SS",
"R8 Spyder RWD",
"F-Type R AWD Coupe",
"AM-S7 5.2L 10cyl 17 14/23 $3 600 3 PR Tax CD",
"A-S8 5.0L 8cyl 18 16/24 $3 400 3 P S SS",
"TT Roadster quattro",
"AM-S7 2.0L 4cyl 26 23/30 $1 850 5 T SS LAMBORGHINI",
"Aventador Countach",
"BMW",
"Z4 M40i",
"AM-S7 6.5L 12cyl 11 9/16 $5 550 1 PR Tax CD SS",
"Aventador Coupe",
"A-S8 3.0L 6cyl 25 22/29 $2 450 5 P T SS",
"AM-S7 6.5L 12cyl 11 9/16 $5 550 1 PR Tax CD SS",
"Z4 sDrive30i",
"Aventador Roadster",
"A-S8 2.0L 4cyl 28 25/32 $2 200 6 P T SS",
"AM-S7 6.5L 12cyl 11 9/16 $5 550 1 PR Tax CD SS",
"BUGATTI",
"Chiron",
"Huracan Coupe",
"AM-S7 5.2L 10cyl 15 13/18 $4 100 2 PR Tax CD",
"Huracan Coupe RWD",
"AM-S7 8.0L 16cyl 11 9/14 $5 550 1 PR T Tax",
"AM-S7 5.2L 10cyl 15 13/18 $4 100 2 PR Tax CD",
"Chiron Pur Sport",
"Huracan Spyder",
"AM-S7 8.0L 16cyl 9 8/11 $6 800 1 PR T Tax",
"AM-S7 5.2L 10cyl 15 13/18 $4 100 2 PR Tax CD",
"Chiron Super Sport",
"Huracan Spyder RWD",
"AM-S7 8.0L 16cyl 9 8/11 $6 800 1 PR T Tax",
"AM-S7 5.2L 10cyl 15 13/18 $4 100 2 PR Tax CD",
"CHEVROLET",
"Corvette",
"MASERATI",
"MC20",
"A-S8 6.2L 8cyl 19 16/24 $3 200 4 PR CD",
"A-S8 3.0L 6cyl 18 15/25 $3 400 3 PR T",
"FERRARI",
"296 GTB",
"MAZDA",
"MX-5",
"AM-S8 2.9L 6cyl See page 42. PR T PHEV SS",
"A-S6 2.0L 4cyl 30 26/35 $2 050 6 P",
"812 Competizione",
"M-6 2.0L 4cyl 29 26/34 $2 100 6 P",
"MCLAREN AUTOMOTIVE",
"720S Coupe",
"AM-7 6.5L 12cyl 14 12/16 $4 350 2 PR Tax SS",
"812 GTS",
"AM-7 6.5L 12cyl 13 12/15 $4 700 1 PR Tax SS",
"F8 Spider",
"AM-S7 4.0L 8cyl 18 15/22 $3 400 3 P T",
"AM-7 3.9L 8cyl 16 15/18 $3 800 3 PR T Tax SS",
"720S Spider",
"F8 Tributo",
"AM-S7 4.0L 8cyl 18 15/22 $3 400 3 P T",
"AM-7 3.9L 8cyl 16 15/19 $3 800 3 PR T Tax SS",
"765LT Spider",
"SF90 Spider",
"AM-S7 4.0L 8cyl 16 14/18 $3 800 3 P T Tax",
"AM-8 3.9L 8cyl See page 42. PR T Tax PHEV SS",
"Model Annual Model Annual",
"MPG MPG",
"Configuration",
"(trans eng size cyl) Comb City/Hwy Fuel",
"Cost GHG",
"Rating Notes Configuration",
"(trans eng size cyl) Comb City/Hwy Fuel",
"Cost GHG",
"Rating Notes",
"GT",
"AM-S7 4.0L 8cyl 18 15/22 $3 400 3 P T BENTLEY",
"PORSCHE Continental GT Speed Convertible",
"AM-S8 6.0L 12cyl 14 12/18 $4 350 2 P T Tax CD SS",
"718 Boxster Continental GT V8 Convertible",
"AM-S7 2.0L 4cyl 24 21/27 $2 550 5 PR T SS AM-S8 4.0L 8cyl 19 16/26 $3 200 4 P T CD SS",
"M-6 2.0L 4cyl 22 20/26 $2 800 5 PR T SS",
"718 Boxster GTS",
"FERRARI",
"Portofino M",
"AM-S7 4.0L 6cyl 21 19/24 $2 900 4 P",
"M-6 4.0L 6cyl 19 17/24 $3 200 4 PR",
"718 Boxster S",
"AM-8 3.9L 8cyl 19 16/23 $3 200 4 PR T SS",
"LEXUS",
"LC 500 Convertible",
"AM-S7 2.5L 4cyl 22 19/25 $2 800 5 PR T SS",
"M-6 2.5L 4cyl 21 19/24 $2 900 4 PR T SS",
"718 Boxster T",
"A-S10 5.0L 8cyl 18 15/25 $3 400 3 PR",
"AM-S7 2.0L 4cyl 23 21/27 $2 650 5 PR T SS",
"M-6 2.0L 4cyl",
"718 Cayman 22 20/26 $2 800 5 PR T SS MERCEDES-BENZ",
"AMG SL55 4matic Plus",
"AM-S7 2.0L 4cyl 24 21/27 $2 550 5 PR T SS",
"A-9 4.0L 8cyl 16 14/21 $3 800 3 PR T Tax SS",
"M-6 2.0L 4cyl",
"718 Cayman GT4 22 20/26 $2 800 5 PR T SS",
"AMG SL63 4matic Plus",
"A-9 4.0L 8cyl 16 14/21 $3 800 3 PR T Tax SS",
"AM-S7 4.0L 6cyl 20 18/24 $3 050 4 PR",
"M-6 4.0L 6cyl",
"718 Cayman GTS 19 17/23 $3 200 4 PR",
"MINI",
"Cooper Convertible",
"AM-S7 4.0L 6cyl 21 19/24 $2 900 4 P",
"AM-S7 1.5L 3cyl 32 29/38 $1 900 7 P T SS",
"M-6 4.0L 6cyl",
"718 Cayman S 19 17/24 $3 200 4 PR",
"M-6 1.5L 3cyl 31 27/37 $1 950 7 P T SS",
"Cooper S Convertible",
"AM-S7 2.5L 4cyl 22 19/25 $2 800 5 PR T SS",
"AM-S7 2.0L 4cyl 30 27/36 $2 050 6 P T",
"M-6 2.5L 4cyl",
"718 Cayman T 21 19/24 $2 900 4 PR T SS",
"M-6 2.0L 4cyl 26 23/33 $2 350 5 P T",
"John Cooper Works Convertible",
"AM-S7 2.0L 4cyl 23 21/27 $2 650 5 PR T SS",
"A-S8 2.0L 4cyl 28 24/33 $2 200 6 P T SS",
"M-6 2.0L 4cyl",
"718 Spyder 22 20/26 $2 800 5 PR T SS",
"PORSCHE",
"911 Carrera",
"AM-S7 4.0L 6cyl 20 18/24 $3 050 4 PR",
"M-6 4.0L 6cyl 19 17/23 $3 200 4 PR",
"911 GT3",
"AM-S8 3.0L 6cyl 20 18/24 $3 050 4 PR T SS",
"911 Carrera 4",
"AM-S7 4.0L 6cyl 16 15/18 $3 800 3 PR Tax SS",
"AM-S8 3.0L 6cyl 20 18/24 $3 050 4 PR T SS",
"M-6 4.0L 6cyl 16 14/18 $3 800 3 PR Tax",
"911 GT3 Touring",
"911 Carrera 4 Cabriolet",
"AM-S8 3.0L 6cyl 20 18/24 $3 050 4 PR T SS",
"AM-S7 4.0L 6cyl 16 15/18 $3 800 3 PR Tax SS",
"M-6 4.0L 6cyl 16 14/18 $3 800 3 PR Tax",
"TOYOTA",
"GR Supra",
"911 Carrera 4 GTS",
"AM-S8 3.0L 6cyl 19 17/23 $3 200 4 PR T SS",
"M-7 3.0L 6cyl 19 17/23 $3 200 4 PR T SS",
"911 Carrera 4 GTS Cabriolet",
"A-S8 2.0L 4cyl 28 25/32 $2 200 6 P T SS",
"AM-S8 3.0L 6cyl 19 17/22 $3 200 4 PR T SS",
"A-S8 3.0L 6cyl 25 22/30 $2 450 5 P T SS",
"M-7 3.0L 6cyl 19 16/23 $3 200 4 PR T SS",
"911 Carrera 4S",
"MINICOMPACT CARS",
"AM-S8 3.0L 6cyl 20 18/23 $3 050 4 PR T SS",
"M-7 3.0L 6cyl 20 17/25 $3 050 4 PR T SS",
"911 Carrera 4S Cabriolet",
"ASTON MARTIN",
"DB11 V12",
"AM-S8 3.0L 6cyl 20 18/23 $3 050 4 PR T SS",
"A-S8 5.2L 12cyl 17 14/22 $3 600 3 P T Tax CD",
"M-7 3.0L 6cyl 20 17/24 $3 050 4 PR T SS",
"DB11 V8",
"911 Carrera Cabriolet",
"A-8 4.0L 8cyl 20 18/24 $3 050 4 P T",
"AM-S8 3.0L 6cyl 20 18/24 $3 050 4 PR T SS",
"DBS",
"911 Carrera GTS",
"A-S8 5.2L 12cyl 17 14/22 $3 600 3 P T Tax CD",
"AM-S8 3.0L 6cyl 19 17/23 $3 200 4 PR T SS",
"M-7 3.0L 6cyl 20 17/24 $3 050 4 PR T SS",
"Model Annual Model Annual",
"MPG MPG",
"Configuration Fuel GHG Configuration Fuel GHG",
"(trans eng size cyl) Comb City/Hwy Cost Rating Notes (trans eng size cyl) Comb City/Hwy Cost Rating Notes",
"911 Carrera GTS Cabriolet S5 Coupe",
"AM-S8 3.0L 6cyl 19 17/23 $3 200 4 PR T SS A-S8 3.0L 6cyl 24 21/30 $2 550 5 P T SS",
"M-7 3.0L 6cyl 20 17/24 $3 050 4 PR T SS",
"911 Carrera S",
"TT Coupe quattro",
"AM-S7 2.0L 4cyl 26 23/30 $1 850 5 T SS",
"AM-S8 3.0L 6cyl 20 18/23 $3 050 4 PR T SS",
"TT RS Coupe",
"M-7 3.0L 6cyl 21 18/25 $2 900 4 PR T SS",
"911 Carrera S Cabriolet",
"AM-S7 2.5L 5cyl 23 20/29 $2 650 5 P T",
"TTS Coupe quattro",
"AM-S8 3.0L 6cyl 20 18/23 $3 050 4 PR T SS",
"AM-S7 2.0L 4cyl 26 23/31 $2 350 5 P T SS",
"M-7 3.0L 6cyl 20 17/25 $3 050 4 PR T SS",
"911 Targa 4",
"BENTLEY",
"Continental GT",
"AM-S8 3.0L 6cyl 20 18/24 $3 050 4 PR T SS",
"911 Targa 4 GTS",
"AM-S8 4.0L 8cyl 19 16/26 $3 200 4 P T CD SS",
"AM-S8 3.0L 6cyl 19 17/22 $3 200 4 PR T SS",
"Continental GT Speed",
"M-7 3.0L 6cyl 19 16/23 $3 200 4 PR T SS",
"911 Targa 4S",
"AM-S8 6.0L 12cyl 15 12/20 $4 100 2 P T Tax CD SS",
"AM-S8 3.0L 6cyl 20 18/23 $3 050 4 PR T SS",
"BMW",
"230i Coupe",
"M-7 3.0L 6cyl 20 17/24 $3 050 4 PR T SS",
"911 Turbo",
"A-S8 2.0L 4cyl 29 26/35 $2 100 6 P T SS",
"AM-S8 3.7L 6cyl 17 15/20 $3 600 3 PR T Tax SS",
"430i Convertible",
"911 Turbo Cabriolet",
"A-S8 2.0L 4cyl 28 25/34 $2 200 6 P T SS",
"AM-S8 3.7L 6cyl 17 15/20 $3 600 3 PR T Tax SS",
"430i Coupe",
"911 Turbo S",
"A-S8 2.0L 4cyl 28 25/34 $2 200 6 P T SS",
"AM-S8 3.7L 6cyl 17 15/20 $3 600 3 PR T SS",
"430i xDrive Convertible",
"911 Turbo S Cabriolet",
"A-S8 2.0L 4cyl 27 23/33 $2 250 6 P T SS",
"AM-S8 3.7L 6cyl 17 15/20 $3 600 3 PR T Tax SS",
"430i xDrive Coupe",
"SUBARU",
"BRZ",
"A-S8 2.0L 4cyl 27 23/33 $2 250 6 P T SS",
"840i Convertible",
"A-S8 3.0L 6cyl 25 22/29 $2 450 5 P T SS",
"A-S6 2.4L 4cyl 25 21/30 $2 450 5 PR",
"M-6 2.4L 4cyl 22 20/27 $2 800 5 PR",
"TOYOTA",
"GR 86 840i Coupe",
"A-S8 3.0L 6cyl 25 23/30 $2 450 5 P T SS",
"840i xDrive Convertible",
"A-S8 3.0L 6cyl 23 20/27 $2 650 5 P T SS",
"A-S6 2.4L 4cyl 25 21/31 $2 450 5 PR",
"840i xDrive Coupe",
"M-6 2.4L 4cyl 22 20/27 $2 800 5 PR",
"A-S8 3.0L 6cyl 23 20/27 $2 650 5 P T SS",
"SUBCOMPACT CARS",
"i4 eDrive40 Gran Coupe (18 inch wheels)",
"A-1 109 109/108 $700 10 EV",
"AUDI",
"A3",
"i4 eDrive40 Gran Coupe (19 inch wheels)",
"A-1 99 100/98 $750 10 EV",
"i4 M50 Gran Coupe (19 inch wheels)",
"AM-S7 2.0L 4cyl 32 29/38 $1 500 7 T MHEV SS",
"A-1 96 94/98 $800 10 EV",
"A3 quattro",
"i4 M50 Gran Coupe (20 inch wheels)",
"AM-S7 2.0L 4cyl 31 28/36 $1 550 7 T MHEV SS",
"A-1 80 79/80 $950 10 EV",
"A5 Cabriolet quattro",
"M240i xDrive Coupe",
"AM-S7 2.0L 4cyl 26 23/31 $2 350 5 P T MHEV SS",
"A-S8 3.0L 6cyl 26 23/32 $2 350 5 P T SS",
"A5 Coupe quattro",
"M4 Competition Coupe",
"AM-S7 2.0L 4cyl 27 24/31 $2 250 6 P T MHEV SS",
"A-S8 3.0L 6cyl 19 16/23 $3 200 4 PR T SS",
"RS 3",
"M4 Competition M xDrive Convertible",
"AM-S7 2.5L 5cyl 23 20/29 $2 650 5 P T",
"A-S8 3.0L 6cyl 18 16/23 $3 400 3 PR T SS",
"RS 5 Coupe",
"M4 Competition M xDrive Coupe",
"A-S8 2.9L 6cyl 21 18/25 $2 900 4 P T",
"A-S8 3.0L 6cyl 18 16/22 $3 400 3 PR T SS",
"S3",
"M4 Coupe",
"AM-S7 2.0L 4cyl 27 23/32 $2 250 6 P T SS",
"M-6 3.0L 6cyl 19 16/23 $3 200 4 PR T SS",
"S5 Cabriolet",
"A-S8 3.0L 6cyl 23 21/28 $2 650 5 P T SS",
"Model Annual Model Annual",
"MPG MPG",
"Configuration Fuel GHG Configuration Fuel GHG",
"(trans eng size cyl) Comb City/Hwy Cost Rating Notes (trans eng size cyl) Comb City/Hwy Cost Rating Notes",
"Mustang Mach 1",
"M440i Convertible",
"A-S8 3.0L 6cyl 26 23/31 $2 350 5 P T MHEV SS A-S10 5.0L 8cyl 18 15/23 $2 650 3 SS",
"M-6 5.0L 8cyl 17 14/22 $2 800 3 Tax",
"M440i Coupe",
"Shelby GT500 Mustang",
"A-S8 3.0L 6cyl 28 25/34 $2 200 6 P T MHEV SS",
"AM-S7 5.2L 8cyl 14 12/18 $4 350 2 PR S Tax",
"M440i xDrive Convertible",
"A-S8 3.0L 6cyl 26 23/31 $2 350 5 P T MHEV SS",
"INFINITI",
"Q60",
"M440i xDrive Coupe",
"A-S8 3.0L 6cyl 26 23/32 $2 350 5 P T MHEV SS",
"A-S7 3.0L 6cyl 22 19/28 $2 800 5 PR T",
"M8 Competition Convertible",
"Q60 AWD",
"A-S8 4.4L 8cyl 17 15/21 $3 600 3 P T Tax SS",
"A-S7 3.0L 6cyl 22 19/27 $2 800 5 PR T",
"M8 Competition Coupe",
"Q60 Red Sport",
"A-S8 4.4L 8cyl 17 15/21 $3 600 3 P T Tax SS",
"A-S7 3.0L 6cyl 22 20/27 $2 800 5 PR T",
"M850i xDrive Convertible",
"Q60 Red Sport AWD",
"A-S8 4.4L 8cyl 19 17/24 $3 200 4 P T SS",
"A-S7 3.0L 6cyl 21 19/26 $2 900 4 PR T",
"M850i xDrive Coupe",
"A-S8 4.4L 8cyl 20 17/25 $3 050 4 P T SS",
"LEXUS",
"LC 500",
"CHEVROLET",
"Camaro",
"A-S10 5.0L 8cyl 19 16/25 $3 200 4 PR",
"LC 500h",
"A-S8 2.0L 4cyl 25 22/30 $2 450 5 PR T",
"AV-S10 3.5L 6cyl 29 26/34 $2 100 6 PR HEV SS",
"M-6 2.0L 4cyl 22 19/29 $2 800 5 PR T",
"A-S10 3.6L 6cyl 22 18/29 $2 150 5 CD",
"RC 300",
"M-6 3.6L 6cyl 20 16/26 $2 400 4",
"A-S8 2.0L 4cyl 25 21/31 $2 450 5 PR T",
"A-S10 6.2L 8cyl 20 16/26 $3 050 4 PR CD",
"RC 300 AWD",
"A-S10 6.2L 8cyl 16 13/21 $3 800 3 PR S Tax",
"A-S6 3.5L 6cyl 22 19/26 $2 800 5 PR",
"M-6 6.2L 8cyl 19 16/24 $3 200 4 PR",
"RC 350",
"M-6 6.2L 8cyl 16 14/20 $3 800 3 PR S Tax",
"Spark",
"A-S8 3.5L 6cyl 23 20/28 $2 650 5 PR",
"AV 1.4L 4cyl 33 30/38 $1 450 7",
"RC 350 AWD",
"M-5 1.4L 4cyl 33 29/38 $1 450 7",
"Spark ACTIV A-S6 3.5L 6cyl 22 19/26 $2 800 5 PR",
"RC F",
"AV 1.4L 4cyl 33 30/37 $1 450 7 A-S8 5.0L 8cyl 19 16/24 $3 200 4 PR",
"M-5 1.4L 4cyl 32 29/37 $1 500 7",
"FERRARI",
"Roma",
"MERCEDES-BENZ",
"A220",
"AM-7 2.0L 4cyl 28 24/35 $2 200 6 PR T SS",
"AM-8 3.9L 8cyl 19 17/22 $3 200 4 PR T SS",
"A220 4matic",
"AM-7 2.0L 4cyl 28 25/35 $2 200 6 PR T SS",
"FORD",
"Mustang",
"AMG A35 4matic",
"AM-7 2.0L 4cyl 25 22/30 $2 450 5 PR T SS",
"A-10 2.3L 4cyl 25 22/32 $1 900 5 T SS",
"AMG C43 4matic Convertible",
"A-S10 2.3L 4cyl 25 21/32 $1 900 5 T SS",
"A-9 3.0L 6cyl 22 19/28 $2 800 5 PR T SS",
"M-6 2.3L 4cyl 24 21/29 $2 000 5 T",
"AMG C43 4matic Coupe",
"A-S10 5.0L 8cyl 19 15/24 $2 500 4 SS",
"M-6 5.0L 8cyl 18 15/24 $2 650 3 A-9 3.0L 6cyl 22 19/28 $2 800 5 PR T SS",
"Mustang Convertible",
"AMG E53 4matic Plus Convertible",
"A-10 2.3L 4cyl 23 20/28 $2 050 5 T SS",
"A-9 3.0L 6cyl 22 20/27 $2 800 5 PR MHEV SS",
"A-S10 2.3L 4cyl 23 20/28 $2 050 5 T SS",
"AMG E53 4matic Plus Coupe",
"M-6 2.3L 4cyl 23 20/27 $2 050 5 T",
"A-9 3.0L 6cyl 23 20/28 $2 650 5 PR MHEV SS",
"A-S10 5.0L 8cyl 18 15/23 $2 650 3 SS",
"Mustang HO Convertible",
"C300 4matic Convertible",
"A-9 2.0L 4cyl 24 21/30 $2 550 5 PR T SS",
"A-S10 2.3L 4cyl 22 19/26 $2 150 5 T SS",
"C300 4matic Coupe",
"M-6 2.3L 4cyl 21 19/25 $2 250 4 T",
"Mustang HO Coupe",
"A-9 2.0L 4cyl 25 22/31 $2 450 5 PR T SS",
"C300 Convertible",
"A-S10 2.3L 4cyl 23 20/27 $2 050 5 T SS",
"M-6 2.3L 4cyl 22 20/27 $2 150 5 T A-9 2.0L 4cyl 24 21/28 $2 550 5 PR T SS",
"Model Annual Model Annual",
"MPG MPG",
"Configuration Fuel GHG Configuration Fuel GHG",
"(trans eng size cyl) Comb City/Hwy Cost Rating Notes (trans eng size cyl) Comb City/Hwy Cost Rating Notes",
"C300 Coupe",
"BMW",
"228i Gran Coupe",
"A-9 2.0L 4cyl 25 22/31 $2 450 5 PR T SS",
"E450 4matic Convertible",
"A-S8 2.0L 4cyl 28 24/34 $2 200 6 P T SS",
"A-9 3.0L 6cyl 24 22/29 $2 550 5 PR T MHEV SS",
"228i xDrive Gran Coupe",
"E450 4matic Coupe",
"A-S8 2.0L 4cyl 27 23/33 $2 250 6 P T SS",
"A-9 3.0L 6cyl 24 21/30 $2 550 5 PR T MHEV SS",
"330e Sedan",
"E450 Convertible",
"A-S8 2.0L 4cyl See page 42. P T PHEV SS",
"A-9 3.0L 6cyl 25 22/29 $2 450 5 PR T MHEV SS",
"330e xDrive Sedan",
"E450 Coupe",
"A-S8 2.0L 4cyl See page 42. P T PHEV SS",
"A-9 3.0L 6cyl 25 22/29 $2 450 5 PR T MHEV SS",
"330i Sedan",
"MINI",
"Cooper Hardtop 2 door",
"A-S8 2.0L 4cyl 30 26/36 $2 050 6 P T SS",
"330i xDrive Sedan",
"AM-S7 1.5L 3cyl 32 29/38 $1 900 7 P T SS A-S8 2.0L 4cyl 28 25/34 $2 200 6 P T SS",
"M-6 1.5L 3cyl 31 27/37 $1 950 7 P T SS",
"Cooper Hardtop 4 door",
"430i Gran Coupe",
"A-S8 2.0L 4cyl 28 25/34 $2 200 6 P T SS",
"AM-S7 1.5L 3cyl 32 29/38 $1 900 7 P T SS",
"530e Sedan",
"M-6 1.5L 3cyl 31 27/37 $1 950 7 P T SS",
"Cooper S Hardtop 2 door",
"A-S8 2.0L 4cyl See page 42. P T PHEV SS",
"530e xDrive Sedan",
"AM-S7 2.0L 4cyl 31 28/38 $1 950 7 P T",
"A-S8 2.0L 4cyl See page 42. P T PHEV SS",
"M-6 2.0L 4cyl 27 23/33 $2 250 6 P T",
"Cooper S Hardtop 4 door",
"M235i xDrive Gran Coupe",
"A-S8 2.0L 4cyl 26 23/32 $2 350 5 PR T SS",
"AM-S7 2.0L 4cyl 31 28/38 $1 950 7 P T",
"M3 Competition M xDrive Sedan",
"M-6 2.0L 4cyl 27 23/33 $2 250 6 P T",
"Cooper SE Hardtop 2 door",
"A-S8 3.0L 6cyl 18 16/22 $3 400 3 PR T SS",
"M3 Competition Sedan",
"A-1 110 119/100 $700 10 EV",
"A-S8 3.0L 6cyl 19 16/23 $3 200 4 PR T SS",
"John Cooper Works Hardtop 2 door",
"M3 Sedan",
"A-S8 2.0L 4cyl 29 25/34 $2 100 6 P T",
"M-6 2.0L 4cyl 25 22/31 $2 450 5 P T M-6 3.0L 6cyl 19 16/23 $3 200 4 PR T SS",
"COMPACT CARS",
"M340i Sedan",
"A-S8 3.0L 6cyl 26 23/32 $2 350 5 P T MHEV SS",
"M340i xDrive Sedan",
"ACURA",
"ILX",
"A-S8 3.0L 6cyl 26 23/32 $2 350 5 P T MHEV SS",
"M440i xDrive Gran Coupe",
"AM-S8 2.4L 4cyl 28 24/34 $2 200 6 P",
"A-S8 3.0L 6cyl 25 22/29 $2 450 5 P T MHEV SS",
"TLX AWD",
"CADILLAC",
"CT4",
"A-S10 2.0L 4cyl 24 21/29 $2 550 5 P T SS",
"TLX AWD A-SPEC",
"A-S10 2.0L 4cyl 24 21/29 $2 550 5 P T SS",
"A-S8 2.0L 4cyl 27 23/34 $2 250 6 PR T CD SS",
"TLX FWD A-S10 2.7L 4cyl 25 21/31 $2 450 5 PR T CD SS",
"CT4 AWD",
"A-S10 2.0L 4cyl 25 22/31 $2 450 5 P T SS",
"A-S8 2.0L 4cyl 26 22/31 $2 350 5 PR T CD SS",
"TLX FWD A-SPEC",
"A-S10 2.7L 4cyl 24 21/29 $2 550 5 PR T CD SS",
"CT4 V",
"A-S10 2.0L 4cyl 25 22/30 $2 450 5 P T SS",
"TLX Type-S",
"A-S10 2.7L 4cyl 23 20/29 $2 650 5 PR T CD SS",
"A-S10 3.0L 6cyl 21 19/25 $2 900 4 P T CD SS",
"A-S10 3.6L 6cyl 19 16/24 $3 200 4 PR T",
"TLX Type-S Perf Tire",
"M-6 3.6L 6cyl 18 15/23 $3 400 3 PR T",
"A-S10 3.0L 6cyl 21 19/24 $2 900 4 P T CD SS",
"CT4 V AWD",
"A-S10 2.7L 4cyl 23 20/28 $2 650 5 PR T CD SS",
"AUDI",
"A4 quattro",
"GENESIS",
"G70 AWD",
"AM-S7 2.0L 4cyl 29 26/34 $2 100 6 P T MHEV SS",
"A4 S line quattro",
"A-S8 2.0L 4cyl 23 20/28 $2 650 5 P T",
"AM-S7 2.0L 4cyl 27 24/31 $2 250 6 P T MHEV SS",
"A-S8 3.3L 6cyl 20 17/25 $3 050 4 P T",
"S4",
"A-S8 3.0L 6cyl 24 21/30 $2 550 5 P T SS",
"Model Annual Model Annual",
"MPG MPG",
"Configuration Fuel GHG Configuration Fuel GHG",
"(trans eng size cyl) Comb City/Hwy Cost Rating Notes (trans eng size cyl) Comb City/Hwy Cost Rating Notes",
"G70 RWD C300 4matic",
"A-S8 2.0L 4cyl 24 21/31 $2 550 5 P T A-9 2.0L 4cyl 27 23/33 $2 250 6 PR T MHEV SS",
"A-S8 3.3L 6cyl 21 18/27 $2 900 4 P T",
"HONDA",
"Insight Touring",
"CLA250",
"AM-7 2.0L 4cyl 29 25/36 $2 100 6 PR T SS",
"CLA250 4matic",
"AM-7 2.0L 4cyl 27 24/33 $2 250 6 PR T SS",
"AV 1.5L 4cyl 48 51/45 $1 000 9 HEV SS",
"CLS450 4matic",
"A-9 3.0L 6cyl 25 22/30 $2 450 5 PR T MHEV SS",
"HYUNDAI",
"Accent",
"MITSUBISHI",
"Mirage",
"AV-S1 1.6L 4cyl 36 33/41 $1 300 7",
"Veloster N",
"AV 1.2L 3cyl 39 36/43 $1 200 8",
"AM-S8 2.0L 4cyl 22 20/27 $2 800 5 P T",
"M-5 1.2L 3cyl 36 33/41 $1 300 7",
"Mirage G4",
"M-6 2.0L 4cyl 25 22/28 $2 450 5 P T",
"KIA",
"Rio",
"AV 1.2L 3cyl 37 35/41 $1 300 8",
"M-5 1.2L 3cyl 35 33/40 $1 350 7",
"NISSAN",
"Versa",
"AV-S1 1.6L 4cyl 36 33/41 $1 300 7",
"LEXUS",
"IS 300",
"AV 1.6L 4cyl 35 32/40 $1 350 7",
"M-5 1.6L 4cyl 30 27/35 $1 600 6",
"PORSCHE",
"Taycan 4S Perf Battery",
"A-S8 2.0L 4cyl 25 21/31 $2 450 5 PR T",
"IS 300 AWD",
"A-S6 3.5L 6cyl 22 19/26 $2 800 5 PR",
"A-2 79 79/80 $950 10 EV",
"IS 350",
"A-S8 3.5L 6cyl 23 20/28 $2 650 5 PR",
"Taycan 4S Perf Battery Plus",
"A-2 77 75/81 $1 000 10 EV",
"IS 350 AWD",
"A-S6 3.5L 6cyl 22 19/26 $2 800 5 PR Taycan GTS",
"A-2 83 83/82 $900 10 EV",
"IS 500",
"A-S8 5.0L 8cyl 20 17/25 $3 050 4 PR",
"Taycan GTS ST",
"UX 250h A-2 80 80/80 $950 10 EV",
"AV-S6 2.0L 4cyl 42 43/41 $1 150 8 HEV SS",
"Taycan Perf Battery",
"A-2 79 76/84 $950 10 EV",
"UX 250h AWD",
"AV-S6 2.0L 4cyl 39 41/38 $1 200 8 HEV SS",
"Taycan Perf Battery Plus",
"A-2 75 71/80 $1 000 10 EV",
"MAZDA",
"3 4-Door 2WD",
"Taycan Turbo",
"A-2 73 71/75 $1 050 10 EV",
"A-S6 2.0L 4cyl 31 28/36 $1 550 7",
"Taycan Turbo S",
"A-S6 2.5L 4cyl 30 26/35 $1 600 6",
"3 4-Door 4WD",
"A-2 70 69/71 $1 100 10 EV",
"TOYOTA",
"C-HR",
"A-S6 2.5L 4cyl 28 25/33 $1 700 6",
"A-S6 2.5L 4cyl 27 23/32 $1 750 6 T",
"MERCEDES-BENZ",
"AMG CLA35 4matic",
"AV-S7 2.0L 4cyl 29 27/31 $1 650 6",
"Corolla",
"AV 1.8L 4cyl 33 30/38 $1 450 7",
"AM-7 2.0L 4cyl 24 21/29 $2 550 5 PR T SS",
"M-6 1.8L 4cyl 33 29/39 $1 450 7",
"AMG CLA45 4matic AV-S10 2.0L 4cyl 34 31/40 $1 400 7",
"AM-8 2.0L 4cyl 23 20/28 $2 650 5 PR T SS",
"M-6 2.0L 4cyl 32 29/36 $1 500 7",
"Corolla APEX",
"AMG GT 43 4matic Plus",
"A-9 3.0L 6cyl 21 19/25 $2 900 4 PR MHEV SS",
"AV-S10 2.0L 4cyl 34 31/38 $1 400 7",
"M-6 2.0L 4cyl 31 28/36 $1 550 7",
"Corolla Hatchback",
"AMG GT 53 4matic Plus",
"A-9 3.0L 6cyl 21 19/25 $2 900 4 PR MHEV SS",
"AV-S10 2.0L 4cyl 35 32/41 $1 350 7",
"C300",
"M-6 2.0L 4cyl 31 28/36 $1 550 7",
"A-9 2.0L 4cyl 29 25/35 $2 100 6 PR T MHEV SS",
"Model Annual Model Annual",
"MPG MPG",
"Configuration Fuel GHG Configuration Fuel GHG",
"(trans eng size cyl) Comb City/Hwy Cost Rating Notes (trans eng size cyl) Comb City/Hwy Cost Rating Notes",
"Corolla Hatchback XSE A7 TFSI e quattro",
"AV-S10 2.0L 4cyl 33 30/38 $1 450 7 AM-S7 2.0L 4cyl See page 42. P T PHEV SS",
"Corolla Hybrid e-tron GT",
"AV 1.8L 4cyl 52 53/52 $900 9 HEV SS A-2 82 81/83 $950 10 EV",
"RS 5 Sportback",
"Corolla XLE",
"A-S8 2.9L 6cyl 21 18/25 $2 900 4 P T",
"AV 1.8L 4cyl 32 29/37 $1 500 7",
"RS 7",
"Corolla XSE",
"A-S8 4.0L 8cyl 17 15/22 $3 600 3 P T CD MHEV SS",
"AV-S10 2.0L 4cyl 34 31/38 $1 400 7",
"RS e-tron GT",
"Mirai LE",
"A-2 81 79/82 $950 10 EV",
"AV 74 76/71 NA 10 H FCV",
"S5 Sportback",
"Mirai Limited",
"A-S8 3.0L 6cyl 24 21/30 $2 550 5 P T SS",
"AV 65 67/64 NA 10 H FCV",
"S6",
"Mirai XLE",
"A-S8 2.9L 6cyl 22 18/28 $2 800 5 P T MHEV SS",
"AV 74 76/71 NA 10 H FCV",
"S7",
"VOLKSWAGEN",
"GLI",
"A-S8 2.9L 6cyl 22 18/28 $2 800 5 P T MHEV SS",
"BENTLEY",
"Flying Spur",
"AM-S7 2.0L 4cyl 30 26/36 $1 600 6 T SS",
"M-6 2.0L 4cyl 30 26/37 $1 600 6 T",
"Jetta",
"AM-S8 4.0L 8cyl 17 15/20 $3 600 3 P T Tax CD SS",
"A-S8 1.5L 4cyl 35 31/41 $1 350 7 T SS AM-S8 6.0L 12cyl 15 12/19 $4 100 2 P T Tax CD SS",
"Flying Spur Hybrid",
"M-6 1.5L 4cyl 34 29/43 $1 400 7 T",
"Jetta SE/SEL",
"AM-S8 2.9L 6cyl See page 42. P T PHEV SS",
"A-S8 1.5L 4cyl 33 29/40 $1 450 7 T SS",
"BMW",
"530i Sedan",
"VOLVO",
"S60 B5",
"A-S8 2.0L 4cyl 28 25/33 $2 200 6 P T SS",
"A-S8 2.0L 4cyl 30 26/35 $2 050 6 PR T SS",
"530i xDrive Sedan",
"S60 B5 AWD",
"A-S8 2.0L 4cyl 26 23/32 $2 350 5 P T SS",
"A-S8 2.0L 4cyl 28 25/33 $2 200 6 PR T SS",
"540i Sedan",
"S60 T8 AWD Recharge A-S8 3.0L 6cyl 27 25/32 $2 250 6 P T MHEV SS",
"A-S8 2.0L 4cyl See page 42. PR T S PHEV SS",
"540i xDrive Sedan",
"S60 T8 AWD Recharge ext. Range",
"A-S8 3.0L 6cyl 25 22/29 $2 450 5 P T MHEV SS",
"A-S8 2.0L 4cyl See page 42. PR T PHEV SS",
"840i Gran Coupe",
"MIDSIZE CARS",
"A-S8 3.0L 6cyl 25 22/29 $2 450 5 P T SS",
"840i xDrive Gran Coupe",
"A-S8 3.0L 6cyl 23 20/27 $2 650 5 P T SS",
"ALFA ROMEO",
"Giulia",
"Alpina B8 Gran Coupe",
"A-S8 4.4L 8cyl 19 17/24 $3 200 4 P T SS",
"A-8 2.0L 4cyl 27 24/33 $2 250 6 P T SS",
"A-8 2.9L 6cyl 20 17/25 $3 050 4 P T CD SS",
"Giulia AWD M5 Competition Sedan",
"A-S8 4.4L 8cyl 17 15/21 $3 600 3 P T Tax SS",
"M5 CS Sedan",
"A-8 2.0L 4cyl 26 23/31 $2 350 5 P T SS",
"A-S8 4.4L 8cyl 17 15/21 $3 600 3 P T Tax SS",
"AUDI",
"A5 Sportback quattro",
"M5 Sedan",
"A-S8 4.4L 8cyl 17 15/21 $3 600 3 P T Tax SS",
"AM-S7 2.0L 4cyl 29 26/34 $2 100 6 P T MHEV SS M550i xDrive Sedan",
"A-S8 4.4L 8cyl 20 17/25 $3 050 4 P T SS",
"A5 Sportback S line quattro",
"AM-S7 2.0L 4cyl 27 24/31 $2 250 6 P T MHEV SS",
"M8 Competition Gran Coupe",
"A-S8 4.4L 8cyl 17 15/21 $3 600 3 P T Tax SS",
"A6 quattro",
"AM-S7 2.0L 4cyl 26 23/32 $2 350 5 P T MHEV SS M850i xDrive Gran Coupe",
"AM-S7 3.0L 6cyl 24 21/30 $2 550 5 P T MHEV SS",
"A7 quattro",
"A-S8 4.4L 8cyl 19 17/24 $3 200 4 P T SS",
"X2 M35i",
"AM-S7 3.0L 6cyl 24 21/30 $2 550 5 P T MHEV SS",
"A-S8 2.0L 4cyl 26 23/30 $2 350 5 P T SS",
"Model MPG Annual Model MPG Annual",
"Configuration Fuel GHG Configuration Fuel GHG",
"(trans eng size cyl)",
"X2 sDrive28i Comb City/Hwy Cost Rating Notes (trans eng size cyl)",
"HYUNDAI Comb City/Hwy Cost Rating Notes",
"A-S8 2.0L 4cyl 27 24/32 $2 250 6 P T SS",
"X2 xDrive28i Elantra",
"A-S8 2.0L 4cyl 27 24/31 $2 250 6 P T SS AM-S7 1.6L 4cyl 31 28/36 $1 550 7 T",
"M-6 1.6L 4cyl 28 25/34 $1 700 6 T",
"CADILLAC AV-S1 2.0L 4cyl 37 33/43 $1 300 8 SS",
"AV-S1 2.0L 4cyl 35 31/41 $1 350 7",
"CT5",
"A-S10 2.0L 4cyl 27 23/33 $2 250 6 PR T CD SS",
"A-S10 3.0L 6cyl",
"CT5 AWD 22 19/27 $2 800 5 PR T CD SS",
"A-S10 2.0L 4cyl 25 22/30 $2 450 5 PR T CD SS",
"A-S10 3.0L 6cyl",
"CT5 V 21 18/26 $2 900 4 PR T CD SS",
"A-S10 3.0L 6cyl 21 18/27 $2 900 4 PR T CD SS",
"Elantra Hybrid",
"Elantra Hybrid Blue Elantra N",
"M-6 2.0L 4cyl 25 22/31 $2 450 5 P T",
"AM-S6 1.6L 4cyl 50 49/52 $950 9 HEV SS",
"AM-S6 1.6L 4cyl 54 53/56 $900 9 HEV SS",
"AM-S8 2.0L 4cyl 23 20/30 $2 650 5 P T",
"A-S10 6.2L 8cyl 16 13/22 $3 800 3 PR S Tax CD Ioniq Plug-in Hybrid",
"M-6 6.2L 8cyl 15 13/21 $4 100 2 PR S Tax AM-S6 1.6L 4cyl See page 42. PHEV SS",
"CT5 V AWD Venue",
"A-S10 3.0L 6cyl 21 18/26 $2 900 4 PR T CD SS AV-S1 1.6L 4cyl 31 29/33 $1 550 7",
"CHEVROLET",
"Malibu INFINITI",
"Q50",
"AV 1.5L 4cyl 32 29/36 $1 500 7 T SS A-S7 3.0L 6cyl 23 20/29 $2 650 5 PR T",
"A-9 2.0L 4cyl 26 22/33 $2 350 5 PR T",
"DODGE",
"Challenger Q50 Red Sport AWD",
"XF P300 AWD",
"KIA",
"Q50 AWD",
"A-S7 3.0L 6cyl 22 19/27 $2 800 5 PR T",
"Q50 Red Sport",
"A-8 3.6L 6cyl 23 19/30 $2 050 5",
"A-8 5.7L 8cyl 19 16/25 $2 950 4 Mid CD",
"M-6 5.7L 8cyl 18 15/23 $3 400 3 P",
"A-8 6.4L 8cyl 18 15/24 $3 400 3 P CD",
"A-S7 3.0L 6cyl 22 19/26 $2 800 5 PR T",
"M-6 6.4L 8cyl 17 14/23 $3 600 3 P Tax CD JAGUAR",
"Challenger AWD XF P250",
"A-8 3.6L 6cyl 21 18/27 $2 250 4 A-S8 2.0L 4cyl 28 25/33 $2 200 6 P T SS",
"Challenger SRT XF P250 AWD",
"A-8 6.2L 8cyl 16 13/22 $3 800 3 P S Tax A-S8 2.0L 4cyl 26 23/32 $2 350 5 P T SS",
"M-6 6.2L 8cyl 16 13/21 $3 800 3 P S Tax",
"Challenger SRT Widebody",
"A-8 6.2L 8cyl 15 13/21 $4 100 2 P S Tax",
"M-6 6.2L 8cyl 16 13/21 $3 800 3 P S Tax",
"A-S8 2.0L 4cyl 25 22/30 $2 450 5 P T SS",
"Challenger Widebody Forte",
"A-8 6.4L 8cyl 18 15/24 $3 400 3 P CD AM-S7 1.6L 4cyl 30 27/35 $1 600 6 T",
"M-6 6.4L 8cyl 17 14/23 $3 600 3 P Tax CD M-6 1.6L 4cyl 26 22/31 $1 850 5 T",
"HONDA AV 2.0L 4cyl 33 29/39 $1 450 7",
"Civic 4Dr AV 2.0L 4cyl 35 31/41 $1 350 7",
"Forte FE",
"AV 1.5L 4cyl 36 33/42 $1 300 7 T SS",
"AV-S7 1.5L 4cyl 34 31/38 $1 400 7 T SS",
"M-6 1.5L 4cyl 31 27/37 $1 950 7 P T SS",
"AV 2.0L 4cyl 35 31/40 $1 350 7 SS",
"Stinger AWD",
"A-S8 3.3L 6cyl 20 17/24 $3 050 4 P T SS",
"A-S8 2.5L 4cyl 24 21/29 $2 550 5 P T SS",
"AV-S7 2.0L 4cyl 33 30/37 $1 450 7 SS Stinger RWD",
"A-S8 2.5L 4cyl 25 22/32 $2 450 5 P T SS",
"Insight A-S8 3.3L 6cyl 20 18/25 $3 050 4 P T SS",
"LEXUS",
"ES 250 AWD",
"AV 1.5L 4cyl 52 55/49 $900 9 HEV SS",
"A-S8 2.5L 4cyl 28 25/34 $1 700 6",
"Model Annual Model Annual",
"MPG MPG",
"Configuration Fuel GHG Configuration Fuel GHG",
"(trans eng size cyl) Comb City/Hwy Cost Rating Notes (trans eng size cyl) Comb City/Hwy Cost Rating Notes",
"ES 300h Cooper S Clubman All4",
"AV-S6 2.5L 4cyl 44 43/44 $1 100 8 HEV SS A-S8 2.0L 4cyl 26 23/32 $2 350 5 P T SS",
"ES 350 Cooper S Countryman",
"A-S8 3.5L 6cyl 26 22/32 $1 850 5 AM-S7 2.0L 4cyl 28 24/33 $2 200 6 P T",
"ES 350 F Sport Cooper S Countryman All4",
"A-S8 3.5L 6cyl 25 22/31 $1 900 5 A-S8 2.0L 4cyl 26 23/31 $2 350 5 P T SS",
"LS 500 Cooper SE Countryman All4",
"A-S10 3.4L 6cyl 22 18/29 $2 800 5 PR T A-S6 1.5L 3cyl See page 42. P T PHEV SS",
"LS 500 AWD JCW Countryman All4",
"A-S10 3.4L 6cyl 21 17/27 $2 900 4 PR T A-S8 2.0L 4cyl 26 23/30 $2 350 5 P T SS",
"LS 500h AWD John Cooper Works Clubman All4",
"AV-S10 3.5L 6cyl 25 22/29 $2 450 5 PR HEV SS A-S8 2.0L 4cyl 26 23/31 $2 350 5 P T SS",
"UX 200",
"NISSAN",
"Altima",
"AV-S10 2.0L 4cyl 32 29/37 $1 500 7",
"MASERATI",
"Ghibli GT",
"AV 2.5L 4cyl 32 28/39 $1 500 7",
"Altima AWD",
"A-8 3.0L 6cyl 20 18/25 $3 050 4 PR T SS AV 2.5L 4cyl 30 26/36 $1 600 6",
"Ghibli Modena AWD Altima AWD SR/Platinum",
"A-8 3.0L 6cyl 19 16/24 $3 200 4 PR T SS AV 2.5L 4cyl 29 25/35 $1 650 6",
"Ghibli Modena RWD Altima SR",
"A-8 3.0L 6cyl 20 18/25 $3 050 4 PR T SS AV-S8 2.0L 4cyl 29 25/34 $1 650 6 T",
"AV 2.5L 4cyl 31 27/37 $1 550 7",
"Altima SV/SL",
"Ghibli Trofeo",
"A-8 3.8L 8cyl 16 13/20 $3 800 3 PR T Tax SS",
"AV 2.5L 4cyl 31 27/37 $1 550 7",
"MAZDA",
"3 5-Door 2WD",
"Kicks",
"AV 1.6L 4cyl 33 31/36 $1 450 7",
"A-S6 2.5L 4cyl 29 26/34 $1 650 6",
"Leaf (40 kW-hr battery pack)",
"M-6 2.5L 4cyl 27 24/33 $1 750 6",
"3 5-Door 4WD",
"A-1 111 123/99 $700 10 EV",
"Leaf (62 kW-hr battery pack)",
"A-S6 2.5L 4cyl 27 25/31 $1 750 6",
"A-1 108 118/97 $700 10 EV",
"A-S6 2.5L 4cyl 26 23/31 $1 850 5 T",
"MX-30",
"Leaf SV/SL (62 kW-hr battery pack)",
"A-1 104 114/94 $750 10 EV",
"A-1 92 98/85 $850 10 EV",
"Maxima",
"AV-S7 3.5L 6cyl 24 20/30 $2 550 5 P",
"MERCEDES-BENZ",
"AMG E53 4matic Plus",
"Sentra",
"AV 2.0L 4cyl 33 29/39 $1 450 7",
"A-9 3.0L 6cyl 24 21/29 $2 550 5 PR MHEV SS",
"Sentra SR",
"E350",
"AV 2.0L 4cyl 32 28/37 $1 500 7",
"A-9 2.0L 4cyl 26 23/31 $2 350 5 PR T SS",
"POLESTAR",
"2 Dual Motor",
"E350 4matic",
"A-9 2.0L 4cyl 24 21/29 $2 550 5 PR T SS",
"E450 4matic",
"A-1 89 94/84 $850 10 EV",
"A-9 3.0L 6cyl 25 23/30 $2 450 5 PR T MHEV SS",
"2 Single Motor",
"A-1 107 113/100 $700 10 EV",
"MINI",
"Cooper Countryman",
"PORSCHE",
"Taycan 4 Cross Turismo",
"AM-S7 1.5L 3cyl 29 26/33 $2 100 6 P T SS",
"Cooper Countryman All4",
"A-2 76 76/77 $1 000 10 EV",
"A-S8 1.5L 3cyl 26 23/30 $2 350 5 P T SS",
"Taycan 4S Cross Turismo",
"Cooper S Clubman",
"A-2 75 75/75 $1 000 10 EV",
"AM-S7 2.0L 4cyl 29 25/35 $2 100 6 P T",
"Taycan Turbo Cross Turismo",
"M-6 2.0L 4cyl 26 23/33 $2 350 5 P T",
"A-2 72 72/72 $1 050 10 EV",
"Model MPG Annual Model MPG Annual",
"Configuration",
"(trans eng size cyl) Comb City/Hwy Fuel",
"Cost GHG",
"Rating Notes Configuration",
"(trans eng size cyl) Comb City/Hwy Fuel",
"Cost GHG",
"Rating Notes",
"Taycan Turbo S Cross Turismo Prius Prime",
"A-2 73 74/73 $1 050 10 EV AV 1.8L 4cyl See page 42. PHEV SS",
"SUBARU VOLKSWAGEN",
"Impreza 4-Door Golf-R",
"AV-S7 2.0L 4cyl 32 28/36 $1 500 7 AM-7 2.0L 4cyl 26 23/30 $2 350 5 P T SS",
"M-5 2.0L 4cyl 26 23/31 $1 850 5 M-6 2.0L 4cyl 23 20/28 $2 650 5 P T",
"Impreza Sport 4-Door GTI",
"AV-S7 2.0L 4cyl 30 27/36 $1 600 6 AM-7 2.0L 4cyl 28 25/34 $1 700 6 T SS",
"WRX M-6 2.0L 4cyl 28 24/34 $1 700 6 T",
"AV-S8 2.4L 4cyl 21 19/25 $2 900 4 P T Passat",
"M-6 2.4L 4cyl 22 19/26 $2 800 5 P T A-S6 2.0L 4cyl 28 24/36 $1 700 6 T SS",
"TESLA",
"Model 3 Long Range AWD Model 3 Performance AWD",
"Avalon XLE Camry",
"Camry AWD LE/SE Camry AWD XLE/XSE Camry Hybrid LE",
"Camry Hybrid SE/XLE/XSE Camry LE/SE",
"Camry TRD",
"Camry XLE/XSE VOLVO",
"S90 B6 AWD",
"S90 T8 AWD Recharge",
"S90 T8 AWD Recharge ext. Range",
"AUDI",
"A8 L quattro S8",
"BMW",
"740i Sedan",
"740i xDrive Sedan 745e xDrive",
"750i xDrive Sedan Alpina B7 xDrive M760i xDrive Sedan X1 sDrive28i",
"X1 xDrive28i",
"A-1 131 134/126 $600 10 EV",
"A-S8 2.0L 4cyl 26 23/31 $2 350 5 PR T S SS",
"A-S8 2.0L 4cyl See page 42. PR T S PHEV SS",
"A-1 113 118/107 $650 10 EV",
"Model 3 RWD",
"A-1 132 138/126 $550 10 EV",
"TOYOTA",
"Avalon",
"A-S8 3.5L 6cyl 25 22/31 $1 900 5",
"Avalon Hybrid",
"AV-S6 2.5L 4cyl 43 43/43 $1 100 8 HEV SS",
"Avalon Hybrid XLE",
"AV-S6 2.5L 4cyl 44 43/44 $1 100 8 HEV SS",
"A-S8 2.0L 4cyl See page 42. PR T PHEV SS",
"LARGE CARS",
"A-S8 3.0L 6cyl 22 19/28 $2 800 5 P T MHEV SS",
"P T Tax CD MHEV",
"A-S8 4.0L 8cyl 17 14/23 $3 600 3 SS",
"A-S8 3.5L 6cyl 26 22/32 $1 850 5",
"A-S8 3.5L 6cyl 26 22/33 $1 850 5",
"A-S8 3.0L 6cyl 25 22/29 $2 450 5 P T SS",
"A-S8 2.5L 4cyl 29 25/34 $1 650 6",
"A-S8 3.0L 6cyl 23 20/27 $2 650 5 P T SS",
"A-S8 2.5L 4cyl 28 25/34 $1 700 6 A-S8 3.0L 6cyl See page 42. P T PHEV SS",
"AV-S6 2.5L 4cyl 46 44/47 $1 050 9 HEV SS",
"A-S8 4.4L 8cyl 19 17/24 $3 200 4 P T SS",
"Camry XSE",
"A-S8 3.5L 6cyl 26 22/32 $1 850 5 CHRYSLER",
"Prius 300",
"AV 1.8L 4cyl 52 54/50 $900 9 HEV SS A-8 3.6L 6cyl 23 19/30 $2 050 5",
"Prius AWD A-8 5.7L 8cyl 19 16/25 $2 950 4 Mid CD",
"AV 1.8L 4cyl 49 51/47 $950 9 PT4 HEV SS 300 AWD",
"Prius Eco A-8 3.6L 6cyl 21 18/27 $2 250 4",
"AV 1.8L 4cyl 56 58/53 $850 9 HEV SS",
"Model Annual Model Annual",
"MPG MPG",
"Configuration Fuel GHG Configuration Fuel GHG",
"(trans eng size cyl) Comb City/Hwy Cost Rating Notes (trans eng size cyl) Comb City/Hwy Cost Rating Notes",
"Sonata",
"A-S8 1.6L 4cyl 31 27/37 $1 550 7 T A-S8 2.5L 4cyl 32 28/38 $1 500 7 SS A-S8 2.5L 4cyl 31 27/37 $1 550 7",
"AM-S8 2.5L 4cyl 27 23/33 $1 750 6 T",
"Sonata Hybrid",
"Sonata Hybrid Blue",
"DODGE",
"Charger",
"A-8 3.6L 6cyl 23 19/30 $2 050 5",
"A-8 5.7L 8cyl 19 16/25 $2 950 4 Mid CD A-8 6.4L 8cyl 18 15/24 $3 400 3 P CD",
"Charger AWD",
"A-8 3.6L 6cyl 21 18/27 $2 250 4",
"AM-S6 2.0L 4cyl 52 50/54 $900 9 HEV SS",
"Charger SRT Widebody",
"A-8 6.2L 8cyl 15 12/21 $4 100 2 P S Tax",
"KIA",
"K5",
"Charger Widebody",
"A-8 6.4L 8cyl 18 15/24 $3 400 3 P CD",
"A-S8 1.6L 4cyl 32 29/38 $1 500 7 T SS",
"GENESIS",
"G80 AWD",
"A-S8 1.6L 4cyl 31 27/37 $1 550 7 T",
"AM-S8 2.5L 4cyl 27 24/32 $1 750 6 T",
"K5 AWD",
"A-S8 2.5L 4cyl 25 22/30 $2 450 5 P T SS",
"A-S8 1.6L 4cyl 28 25/33 $1 700 6 T",
"A-S8 3.5L 6cyl 20 17/26 $3 050 4 P T SS",
"G80 RWD",
"LUCID",
"Air Dream P AWD w/19 inch wheels",
"A-S8 2.5L 4cyl 26 23/32 $2 350 5 P T SS",
"G90 AWD",
"A-1 116 117/114 $650 10 EV",
"A-S8 3.3L 6cyl 20 17/24 $3 050 4 P T",
"A-S8 5.0L 8cyl",
"G90 RWD 18 16/23 $3 400 3 P Air Dream P AWD w/21 inch wheels",
"A-1 111 110/111 $700 10 EV",
"A-S8 3.3L 6cyl 19 17/24 $3 200 4 P T Air Dream R AWD w/19 inch wheels",
"A-S8 5.0L 8cyl 19 16/24 $3 200 4 P A-1 125 126/125 $600 10 EV",
"HONDA Air Dream R AWD w/21 inch wheels",
"A-1 116 115/117 $650 10 EV",
"Accord",
"Air G Touring AWD w/19 inch wheels",
"AV 1.5L 4cyl 33 30/38 $1 450 7 T SS",
"A-1 131 130/132 $600 10 EV",
"Accord Hybrid",
"Air G Touring AWD w/21 inch wheels",
"AV 2.0L 4cyl 47 48/47 $1 000 9 HEV SS",
"A-1 121 121/122 $650 10 EV",
"Accord Hybrid Sport/Touring",
"MASERATI",
"Quattroporte GT",
"AV 2.0L 4cyl 43 44/41 $1 100 8 HEV SS",
"Accord Sport/Touring",
"AV-S7 1.5L 4cyl 32 29/35 $1 500 7 T SS",
"A-8 3.0L 6cyl 19 16/25 $3 200 4 PR T SS",
"A-S10 2.0L 4cyl 26 22/32 $1 850 5 T",
"Quattroporte Modena AWD",
"Civic 5Dr",
"A-8 3.0L 6cyl 19 16/24 $3 200 4 PR T SS",
"AV 1.5L 4cyl 35 31/39 $1 350 7 T SS",
"Quattroporte Modena RWD",
"AV-S7 1.5L 4cyl 33 30/37 $1 450 7 T SS",
"A-8 3.0L 6cyl 19 16/25 $3 200 4 PR T SS",
"M-6 1.5L 4cyl 31 28/37 $1 550 7 T SS",
"Quattroporte Trofeo",
"AV 2.0L 4cyl 33 30/38 $1 450 7 SS",
"AV-S7 2.0L 4cyl 32 29/37 $1 500 7 SS A-8 3.8L 8cyl 16 13/20 $3 800 3 PR T Tax SS",
"M-6 2.0L 4cyl",
"HYUNDAI 29 26/36 $1 650 6 SS",
"MERCEDES-BENZ",
"AMG EQS 4matic Plus",
"Ioniq",
"A-1 77 76/78 $1 000 10 EV SS",
"AM-S6 1.6L 4cyl 55 54/57 $850 9 HEV SS",
"EQS 450 Plus",
"Ioniq 5 AWD (Long Range)",
"A-1 97 97/97 $800 10 EV SS",
"A-1 98 110/87 $750 10 EV",
"EQS 580 4matic",
"Ioniq 5 RWD (Long Range)",
"A-1 95 92/99 $800 10 EV SS",
"A-1 114 132/98 $700 10 EV",
"Maybach S680 4matic",
"Ioniq 5 RWD (Standard Range)",
"A-9 6.0L 12cyl 15 12/21 $4 100 2 PR T Tax SS",
"A-1 110 127/94 $700 10 EV S500 4matic",
"Ioniq Blue",
"A-9 3.0L 6cyl 24 21/30 $2 550 5 PR MHEV SS",
"AM-S6 1.6L 4cyl 59 58/60 $800 10 HEV SS S580 4matic",
"A-9 4.0L 8cyl 19 16/25 $3 200 4 PR T MHEV SS",
"Model Annual Model Annual",
"MPG MPG",
"Configuration Fuel GHG Configuration Fuel GHG",
"(trans eng size cyl) Comb City/Hwy Cost Rating Notes (trans eng size cyl) Comb City/Hwy Cost Rating Notes",
"S580 4matic Maybach Model S Plaid (21 inch wheels)",
"A-9 4.0L 8cyl 18 15/24 $3 400 3 PR T MHEV SS A-1 101 102/99 $750 10 EV",
"PORSCHE",
"Panamera VOLKSWAGEN",
"Arteon",
"AM-S8 2.9L 6cyl 20 18/24 $3 050 4 PR T SS AM-7 2.0L 4cyl 28 24/34 $2 200 6 P T SS",
"Panamera 4 Arteon 4motion",
"AM-S8 2.9L 6cyl 20 18/24 $3 050 4 PR T SS AM-7 2.0L 4cyl 25 22/30 $2 450 5 P T SS",
"SMALL STATION WAGONS",
"Panamera 4 E-Hybrid/Exec/ST",
"AM-S8 2.9L 6cyl See page 42. PR T PHEV SS",
"Panamera 4 Executive",
"AUDI",
"A4 allroad quattro",
"AM-S8 2.9L 6cyl 19 17/23 $3 200 4 PR T SS",
"Panamera 4 ST",
"AM-S7 2.0L 4cyl 26 24/30 $2 350 5 P T MHEV SS",
"AM-S8 2.9L 6cyl 20 18/23 $3 050 4 PR T SS",
"CHEVROLET",
"Bolt EUV",
"Panamera 4S",
"AM-S8 2.9L 6cyl 20 18/24 $3 050 4 PR T SS",
"Panamera 4S E-Hybrid/Exec/ST",
"AV 115 125/104 $650 10 EV",
"AM-S8 2.9L 6cyl See page 42. PR T PHEV SS",
"Bolt EV",
"Panamera 4S Executive",
"AV 120 131/109 $650 10 EV",
"AM-S8 2.9L 6cyl 19 17/23 $3 200 4 PR T SS",
"HONDA",
"HR-V AWD",
"Panamera 4S ST",
"AM-S8 2.9L 6cyl 19 17/23 $3 200 4 PR T SS",
"Panamera GTS",
"AV 1.8L 4cyl 29 27/31 $1 650 6",
"AM-S8 4.0L 8cyl 17 15/21 $3 600 3 PR T CD SS",
"AV-S7 1.8L 4cyl 28 26/31 $1 700 6",
"HR-V FWD",
"Panamera GTS ST",
"AM-S8 4.0L 8cyl 17 15/20 $3 600 3 PR T CD SS",
"AV 1.8L 4cyl 30 28/34 $1 600 6",
"AV-S7 1.8L 4cyl 30 28/34 $1 600 6",
"KIA",
"EV6 AWD (Long Range)",
"Panamera Turbo S E-Hybrid/Exec/ST",
"AM-S8 4.0L 8cyl See page 42. PR T PHEV SS",
"Panamera Turbo S/Exec/ST",
"AM-S8 4.0L 8cyl 17 15/21 $3 600 3 PR T CD SS",
"A-1 105 116/94 $700 10 EV",
"ROLLS-ROYCE",
"Ghost",
"EV6 RWD (Long Range)",
"A-1 117 134/101 $650 10 EV",
"EV6 RWD (Standard Range)",
"A-S8 6.7L 12cyl 14 12/19 $4 350 2 P T Tax",
"A-1 117 136/100 $650 10 EV",
"Ghost Black Badge",
"A-S8 6.7L 12cyl 14 12/19 $4 350 2 P T Tax Niro",
"AM-S6 1.6L 4cyl 49 51/46 $950 9 HEV SS",
"Ghost Extended",
"Niro Electric",
"A-S8 6.7L 12cyl 14 12/19 $4 350 2 P T Tax",
"A-1 112 123/102 $700 10 EV",
"Phantom",
"Niro FE",
"A-S8 6.7L 12cyl 14 12/20 $4 350 2 P T Tax",
"AM-S6 1.6L 4cyl 50 53/48 $950 9 HEV SS",
"Phantom Extended",
"A-S8 6.7L 12cyl 14 12/20 $4 350 2 P T Tax Niro Plug-in Hybrid",
"AM-S6 1.6L 4cyl See page 42. PHEV SS",
"SUBARU",
"Legacy AWD",
"Niro Touring",
"AM-S6 1.6L 4cyl 43 46/40 $1 100 8 HEV SS",
"AV-S8 2.4L 4cyl 27 24/32 $1 750 6 T SS",
"Soul",
"AV-S8 2.5L 4cyl 30 27/35 $1 600 6 SS",
"TESLA",
"Model S",
"AM-S7 1.6L 4cyl 29 27/32 $1 650 6 T SS",
"AV 2.0L 4cyl 30 28/33 $1 600 6 SS",
"Soul Eco dynamics",
"AV 2.0L 4cyl 31 29/35 $1 550 7 SS",
"A-1 120 124/115 $650 10 EV",
"MERCEDES-BENZ",
"AMG GLA35 4matic",
"Model S Plaid (19 inch wheels)",
"A-1 116 119/112 $650 10 EV",
"AM-8 2.0L 4cyl 25 22/30 $2 450 5 PR T SS",
"Model MPG Annual Model MPG Annual",
"Configuration",
"(trans eng size cyl) Comb City/Hwy Fuel",
"Cost GHG",
"Rating Notes Configuration",
"(trans eng size cyl) Comb City/Hwy Fuel GHG",
"Cost Rating Notes",
"AMG GLA45 4matic",
"AM-8 2.0L 4cyl 22 19/25 $2 800 5 PR T SS SMALL PICKUP TRUCKS 2WD",
"NISSAN",
"Rogue Sport Rogue Sport AWD",
"SUBARU",
"Impreza 5-Door CHEVROLET",
"Colorado 2WD",
"A-6 2.8L 4cyl 23 20/30 $2 350 4 D T",
"FORD",
"Maverick FWD",
"FWD",
"A-6 2.5L 4cyl 22 19/25 $2 150 5",
"AV-S8 2.0L 4cyl 28 25/32 $1 700 6",
"A-8 3.6L 6cyl 21 18/25 $2 250 4 CD",
"AV-S8 2.0L 4cyl 27 24/30 $1 750 6",
"A-8 2.0L 4cyl 26 23/30 $1 850 5 T SS",
"AV-S7 2.0L 4cyl 31 28/36 $1 550 7 Maverick HEV",
"M-5 2.0L 4cyl 26 24/31 $1 850 5",
"Impreza Sport 5-Door",
"AV-S7 2.0L 4cyl 30 27/35 $1 600 6 GMC",
"M-5 2.0L 4cyl 25 22/30 $1 900 5",
"Canyon 2WD",
"AV 2.5L 4cyl 37 42/33 $1 300 8 HEV SS",
"VOLVO A-6 2.5L 4cyl 22 19/25 $2 150 5",
"A-6 2.8L 4cyl 23 20/30 $2 350 4 D T",
"V60 T8 AWD Recharge A-8 3.6L 6cyl 21 18/25 $2 250 4 CD",
"A-S8 2.0L 4cyl See page 42. PR T S PHEV SS",
"V60 T8 AWD Recharge ext. Range TOYOTA",
"Tacoma 2WD",
"A-S8 2.0L 4cyl See page 42. PR T PHEV SS",
"V60CC T5 AWD A-S6 2.7L 4cyl 21 20/23 $2 250 4",
"A-S6 3.5L 6cyl 21 19/24 $2 250 4",
"SMALL PICKUP TRUCKS 4WD",
"AUDI",
"A6 Allroad quattro RS 6 Avant",
"MERCEDES-BENZ",
"AMG GLB35 4matic",
"E450 4matic All-Terrain (wagon) CHEVROLET",
"Colorado 4WD",
"A-6 2.8L 4cyl 22 19/28 $2 500 4 D T",
"Colorado ZR2 4WD",
"A-8 3.6L 6cyl 17 16/18 $2 800 3 CD",
"FORD",
"Maverick AWD",
"GMC",
"Canyon 4WD",
"A-6 2.5L 4cyl 21 19/24 $2 250 4",
"AM-S7 3.0L 6cyl 23 21/28 $2 650 5 P T MHEV SS",
"A-8 3.6L 6cyl 19 17/24 $2 500 4 CD",
"A-S8 4.0L 8cyl 17 15/22 $3 600 3 P T CD MHEV SS",
"A-6 2.8L 4cyl 19 18/22 $2 850 3 D T",
"AM-8 2.0L 4cyl 22 20/27 $2 800 5 PR T SS",
"A-9 3.0L 6cyl 24 21/28 $2 550 5 PR T MHEV SS",
"NISSAN",
"Murano AWD",
"AV-S7 3.5L 6cyl 23 20/28 $2 050 5",
"A-8 2.0L 4cyl 25 22/29 $1 900 5 T SS",
"A-6 2.5L 4cyl 21 19/24 $2 250 4",
"Murano FWD A-6 2.8L 4cyl 22 19/28 $2 500 4 D T",
"AV-S7 3.5L 6cyl 23 20/28 $2 050 5 A-8 3.6L 6cyl 19 17/24 $2 500 4 CD",
"ROLLS-ROYCE",
"Cullinan TOYOTA",
"Tacoma 4WD",
"A-S8 6.7L 12cyl 14 12/20 $4 350 2 P T Tax A-S6 2.7L 4cyl 20 19/22 $2 400 4 PT4",
"Cullinan Black Badge A-S6 3.5L 6cyl 20 18/22 $2 400 4 PT4",
"A-S8 6.7L 12cyl 14 12/20 $4 350 2 P T Tax M-6 3.5L 6cyl 18 17/21 $2 650 3 PT4",
"VOLVO",
"V90CC B6 AWD Tacoma 4WD D-CAB MT TRD-ORP/PRO",
"M-6 3.5L 6cyl 18 17/20 $2 650 3 PT4",
"A-S8 2.0L 4cyl 25 22/29 $2 450 5 PR T S SS",
"Model Configuration MPG Annual Fuel GHG Model Configuration MPG Annual Fuel GHG",
"(trans eng size cyl) Comb City/Hwy Cost Rating Notes (trans eng size cyl) Comb City/Hwy Cost Rating Notes",
"STANDARD PICKUP TRUCKS 2WD 1500 Classic 2WD",
"A-8 3.6L 6cyl 20 17/25 $2 400 4",
"A-8 5.7L 8cyl",
"1500 HFE 2WD 17 15/21 $3 300 3 Mid CD",
"CHEVROLET",
"Silverado 2WD",
"A-8 3.0L 6cyl 26 23/33 $2 100 5 D T",
"A-8 2.7L 4cyl 20 19/22 $2 400 4 T CD SS",
"A-8 3.6L 6cyl 23 20/26 $2 050 5 MHEV SS",
"A-8 2.7L 4cyl 20 19/22 $2 400 4 T CD S-Mode SS",
"A-10 3.0L 6cyl 26 23/31 $2 100 5 D T SS TOYOTA",
"A-10 5.3L 8cyl 18 16/21 $2 650 3 CD SS",
"A-10 5.3L 8cyl 18 16/21 $2 650 3 CD SS Tundra 2WD",
"A-6 5.3L 8cyl 16 15/19 $2 950 3 Gas CD A-S10 3.4L 6cyl 20 18/24 $2 400 4 T SS",
"12 11/15 $3 750 3 E85 A-S10 3.4L 6cyl 22 20/24 $2 150 5 T HEV SS",
"A-8 5.3L 8cyl 18 16/21 $2 650 3 CD S-Mode SS A-S10 3.4L 6cyl 20 18/23 $2 400 4 T 3-Mode SS",
"STANDARD PICKUP TRUCKS 4WD",
"A-8 5.3L 8cyl 18 16/21 $2 650 3 CD SS",
"FORD",
"F150 Pickup 2WD",
"CHEVROLET",
"A-S10 2.7L 6cyl 22 20/26 $2 150 5 T SS Silverado 4WD",
"A-S10 3.5L 6cyl 20 18/24 $2 400 4 T SS A-8 2.7L 4cyl 18 17/20 $2 650 3 T CD SS",
"A-S10 3.5L 6cyl 20 17/24 $2 400 4 T A-8 2.7L 4cyl 18 17/20 $2 650 3 T CD S-Mode SS",
"A-10 3.0L 6cyl 24 22/26 $2 250 4 D T S-Mode SS",
"F150 Pickup 2WD FFV",
"A-10 3.0L 6cyl 23 22/26 $2 350 4 D T SS",
"A-S10 3.3L 6cyl 21 19/24 $2 250 4 Gas SS",
"A-10 5.3L 8cyl 18 16/20 $2 650 3 CD SS",
"16 14/18 $2 800 5 E85",
"A-10 5.3L 8cyl 16 15/19 $2 950 3 CD",
"A-S10 5.0L 8cyl 20 17/24 $2 400 4 Gas CD SS",
"A-10 5.3L 8cyl 17 15/19 $2 800 3 CD SS",
"14 11/18 $3 200 4 E85",
"A-10 5.3L 8cyl 16 14/19 $2 950 3 S-Mode SS",
"A-S10 5.0L 8cyl 19 17/24 $2 500 4 Gas CD",
"A-10 5.3L 8cyl 16 14/19 $2 950 3 SS",
"14 12/18 $3 200 4 E85",
"A-6 5.3L 8cyl 16 14/18 $2 950 3 Gas CD",
"F150 Pickup 2WD HEV",
"12 11/13 $3 750 3 E85",
"A-S10 3.5L 6cyl 25 25/25 $1 900 5 T HEV SS A-8 5.3L 8cyl 17 15/20 $2 800 3 CD S-Mode SS",
"Ranger 2WD A-8 5.3L 8cyl 17 15/20 $2 800 3 CD SS",
"A-10 6.2L 8cyl 17 15/20 $3 600 3 P CD S-Mode SS",
"A-S10 2.3L 4cyl 23 21/26 $2 050 5 T SS",
"A-10 6.2L 8cyl 16 14/19 $3 800 3 P CD 2 mode",
"A-S10 2.3L 4cyl 22 20/26 $2 150 5 T",
"A-10 6.2L 8cyl 16 14/18 $3 800 3 P CD",
"GMC",
"Sierra 2WD Silverado 4WD ZR2",
"A-10 6.2L 8cyl 15 14/17 $4 100 2 P CD SS",
"Silverado Mud Terrain Tires 4WD",
"A-8 2.7L 4cyl 20 19/22 $2 400 4 T CD SS",
"A-8 2.7L 4cyl 17 16/18 $2 800 3 T CD SS",
"A-8 2.7L 4cyl 20 19/22 $2 400 4 T CD S-Mode SS",
"A-10 3.0L 6cyl 21 20/23 $2 600 4 D T SS",
"A-10 3.0L 6cyl 26 23/30 $2 100 5 D T SS",
"A-10 5.3L 8cyl 15 14/17 $3 150 2 CD",
"A-10 5.3L 8cyl 18 16/21 $2 650 3 CD SS",
"A-10 5.3L 8cyl 15 14/17 $3 150 2 CD SS",
"A-10 5.3L 8cyl 18 16/21 $2 650 3 CD SS",
"A-10 5.3L 8cyl 15 13/17 $3 150 2 SS",
"A-6 5.3L 8cyl 16 15/19 $2 950 3 Gas CD",
"A-6 5.3L 8cyl 15 14/16 $3 150 2 Gas CD",
"12 11/15 $3 750 3 E85",
"11 10/12 $4 100 3 E85",
"A-8 5.3L 8cyl 18 16/21 $2 650 3 CD S-Mode SS",
"A-8 5.3L 8cyl 15 14/18 $3 150 2 CD SS",
"A-8 5.3L 8cyl 18 16/21 $2 650 3 CD SS",
"NISSAN",
"Frontier 2WD",
"A-10 6.2L 8cyl 16 14/18 $3 800 3 P CD SS",
"A-10 6.2L 8cyl 14 13/17 $4 350 2 P CD",
"FORD",
"F-150 Lightning 4WD",
"A-S9 3.8L 6cyl 20 18/24 $2 400 4",
"Titan 2WD",
"A-1 68 76/61 $1 100 10 EV",
"A-S9 5.6L 8cyl 18 16/21 $3 400 3 P",
"F-150 Lightning 4WD Extended Range",
"A-1 70 78/63 $1 100 10 EV",
"RAM",
"1500 2WD",
"A-8 3.0L 6cyl 26 22/32 $2 100 5 D T",
"A-8 3.6L 6cyl 22 20/25 $2 150 5 MHEV SS",
"A-8 5.7L 8cyl 20 18/23 $2 800 4 Mid CD MHEV SS",
"A-8 5.7L 8cyl 17 15/22 $3 300 3 Mid CD",
"F-150 Lightning Platinum 4WD",
"F150 Pickup 4WD",
"A-S10 2.7L 6cyl 21 19/24 $2 250 4 T PT4 SS A-S10 2.7L 6cyl 20 17/23 $2 400 4 T PT4",
"A-S10 3.5L 6cyl 20 18/23 $2 400 4 T PT4 SS",
"A-S10 3.5L 6cyl 19 17/23 $2 500 4 T PT4",
"Model Annual Model Annual",
"MPG MPG",
"Configuration Fuel GHG Configuration Fuel GHG",
"(trans eng size cyl) Comb City/Hwy Cost Rating Notes (trans eng size cyl) Comb City/Hwy Cost Rating Notes",
"F150 Pickup 4WD FFV Gladiator EcoDiesel 4WD",
"A-S10 3.3L 6cyl 20 19/22 $2 400 4 Gas PT4 SS",
"15 14/18 $3 000 5 E85",
"A-S10 5.0L 8cyl 19 16/22 $2 500 4 Gas PT4 CD SS",
"13 11/17 $3 450 4 E85",
"A-S10 5.0L 8cyl 18 16/22 $2 650 3 Gas PT4 CD",
"14 12/17 $3 200 4 E85 A-8 3.0L 6cyl 24 22/28 $2 250 4 D T SS",
"Gladiator Rubic EcoDiesel 4WD",
"A-8 3.0L 6cyl 24 21/27 $2 250 4 D T SS",
"NISSAN",
"Frontier 4WD",
"F150 Pickup 4WD HEV",
"A-S9 3.8L 6cyl 19 17/22 $2 500 4 PT4",
"A-S10 3.5L 6cyl 23 23/23 $2 050 5 T PT4 HEV SS",
"Titan 4WD",
"F150 Pickup Tremor 4WD",
"A-S9 5.6L 8cyl 18 15/21 $3 400 3 P PT4",
"A-S10 3.5L 6cyl 18 16/20 $2 650 3 T PT4 SS",
"Titan 4WD PRO4X",
"A-S10 3.5L 6cyl 18 16/20 $2 650 3 T PT4",
"F150 RAPTOR 37 4WD",
"A-S9 5.6L 8cyl 17 15/20 $3 600 3 P PT4",
"A-S10 3.5L 6cyl 15 15/16 $3 150 2 T PT4 SS",
"RAM",
"1500 4WD",
"A-S10 3.5L 6cyl 15 14/16 $3 150 2 T PT4",
"F150 RAPTOR 4WD",
"A-8 3.0L 6cyl 24 21/29 $2 250 4 D T",
"A-S10 3.5L 6cyl 16 15/18 $2 950 3 T PT4 SS",
"A-S10 3.5L 6cyl 15 14/18 $3 150 2 T PT4",
"Ranger 4WD A-8 3.6L 6cyl 21 19/24 $2 250 4 MHEV SS",
"A-8 5.7L 8cyl 19 18/22 $2 950 4 Mid CD MHEV SS",
"A-8 5.7L 8cyl 17 15/21 $3 300 3 Mid CD",
"1500 Classic 4WD",
"A-S10 2.3L 4cyl 22 20/24 $2 150 5 T PT4 SS",
"A-S10 2.3L 4cyl 21 19/24 $2 250 4 T PT4",
"Ranger Tremor 4WD",
"A-8 3.6L 6cyl 19 16/23 $2 500 4",
"A-8 5.7L 8cyl 17 15/21 $3 300 3 Mid CD",
"1500 TRX 4WD",
"A-S10 2.3L 4cyl 19 19/19 $2 500 4 T PT4 SS",
"GMC",
"Sierra 4WD",
"A-8 6.2L 8cyl 12 10/14 $5 100 1 P S",
"RIVIAN",
"R1T",
"A-8 2.7L 4cyl 18 17/20 $2 650 3 T CD SS",
"A-8 2.7L 4cyl 18 17/20 $2 650 3 T CD S-Mode SS",
"A-1 70 74/66 $1 100 10 PT4 EV",
"A-10 3.0L 6cyl 24 22/26 $2 250 4 D T SS",
"A-10 5.3L 8cyl 17 16/20 $2 800 3 CD SS",
"TOYOTA",
"Tundra 4WD",
"A-10 5.3L 8cyl 16 15/19 $2 950 3 CD",
"A-10 5.3L 8cyl 17 15/19 $2 800 3 CD SS",
"A-10 5.3L 8cyl 16 14/19 $2 950 3 SS",
"A-10 5.3L 8cyl 16 14/19 $2 950 3 SS A-S10 3.4L 6cyl 19 17/23 $2 500 4 T PT4 SS",
"A-S10 3.4L 6cyl 19 17/22 $2 500 4 T PT4 3-Mode SS",
"A-6 5.3L 8cyl 16 14/18 $2 950 3 Gas CD",
"12 11/13 $3 750 3 E85",
"A-S10 3.4L 6cyl 20 19/22 $2 400 4 T PT4 HEV SS",
"A-8 5.3L 8cyl 17 15/20 $2 800 3 CD S-Mode SS Tundra 4WD PRO",
"A-8 5.3L 8cyl 17 15/20 $2 800 3 CD SS",
"A-S10 3.4L 6cyl 19 18/20 $2 500 4 T PT4 HEV SS",
"A-10 6.2L 8cyl 17 15/20 $3 600 3 P CD SS",
"VANS PASSENGER TYPE",
"A-10 6.2L 8cyl 16 14/19 $3 800 3 P CD",
"Sierra Mud Terrain Tires 4WD",
"FORD",
"Transit T150 Wagon 2WD FFV",
"A-8 2.7L 4cyl 17 16/18 $2 800 3 T CD SS",
"A-10 3.0L 6cyl 21 20/23 $2 600 4 D T SS",
"A-10 5.3L 8cyl 15 14/17 $3 150 2 CD SS",
"A-S10 3.5L 6cyl 17 15/19 $2 800 3 Gas",
"A-10 5.3L 8cyl 15 13/17 $3 150 2 SS",
"12 11/15 $3 750 3 E85",
"A-6 5.3L 8cyl 15 14/16 $3 150 2 Gas CD",
"11 10/12 $4 100 3 E85",
"Transit T150 Wagon 4WD FFV",
"A-S10 3.5L 6cyl 16 14/18 $2 950 3 Gas",
"12 11/14 $3 750 3 E85",
"A-8 5.3L 8cyl 15 14/18 $3 150 2 CD SS",
"A-10 6.2L 8cyl 16 14/18 $3 800 3 P CD SS",
"A-10 6.2L 8cyl 14 13/17 $4 350 2 P CD",
"HONDA",
"Ridgeline AWD SPECIAL PURPOSE VEHICLES 2WD",
"CADILLAC",
"XT5 Hearse FWD",
"A-S9 3.5L 6cyl 21 18/24 $2 250 4 CD SS",
"A-S9 2.0L 4cyl 21 20/23 $2 900 4 PR T CD SS",
"JEEP",
"Gladiator 4WD",
"XT5 Limo FWD",
"A-S9 2.0L 4cyl 21 20/23 $2 900 4 PR T CD SS",
"A-8 3.6L 6cyl 19 17/22 $2 500 4 SS",
"M-6 3.6L 6cyl 19 16/23 $2 500 4 SS",
"Model Annual Model Annual",
"MPG MPG",
"Configuration Fuel GHG Configuration Fuel GHG",
"(trans eng size cyl) Comb City/Hwy Cost Rating Notes (trans eng size cyl) Comb City/Hwy Cost Rating Notes",
"CHEVROLET",
"Silverado Cab Chassis 2WD CHEVROLET",
"Silverado Cab Chassis 4WD",
"A-10 5.3L 8cyl 17 15/18 $2 800 3 CD SS A-10 5.3L 8cyl 16 15/17 $2 950 3 CD SS",
"A-8 5.3L 8cyl 15 14/17 $3 150 2 CD SS A-10 5.3L 8cyl 15 13/17 $3 150 2 SS",
"A-8 5.3L 8cyl 15 14/17 $3 150 2 CD SS",
"FORD",
"Transit Connect USPS",
"GMC",
"Sierra Cab Chassis 4WD",
"A-S6 2.5L 4cyl 22 20/27 $2 150 5",
"A-10 5.3L 8cyl 16 15/17 $2 950 3 CD SS",
"Transit Connect Van FFV",
"A-10 5.3L 8cyl 15 13/17 $3 150 2 SS",
"A-S8 2.0L 4cyl 25 24/27 $1 900 5 Gas SS",
"A-8 5.3L 8cyl 15 14/17 $3 150 2 CD SS",
"19 18/20 $2 350 5 E85",
"MINIVANS 2WD",
"Transit Connect Van FWD",
"A-S8 2.0L 4cyl 25 24/27 $1 900 5 SS",
"A-S6 2.5L 4cyl 22 20/26 $2 150 5 CHRYSLER",
"Transit Connect Wagon LWB FFV Pacica",
"A-S8 2.0L 4cyl 26 24/28 $1 850 5 Gas SS",
"A-9 3.6L 6cyl 22 19/28 $2 150 5 SS",
"18 16/21 $2 500 5 E85",
"Pacica Hybrid",
"Transit Connect Wagon LWB FWD",
"AV 3.6L 6cyl See page 42. PHEV SS",
"A-S8 2.0L 4cyl 26 24/28 $1 850 5 SS",
"Voyager",
"A-S6 2.5L 4cyl 22 20/26 $2 150 5",
"GMC",
"Sierra Cab Chassis 2WD",
"A-9 3.6L 6cyl 22 19/28 $2 150 5 SS",
"HONDA",
"A-10 5.3L 8cyl 17 15/18 $2 800 3 CD SS Odyssey",
"A-8 5.3L 8cyl 15 14/17 $3 150 2 CD SS A-S10 3.5L 6cyl 22 19/28 $2 150 5 CD SS",
"MERCEDES-BENZ",
"GLA250 KIA",
"Carnival",
"AM-8 2.0L 4cyl 28 24/34 $2 200 6 PR T SS A-S8 3.5L 6cyl 22 19/26 $2 150 5",
"GLB250 TOYOTA",
"AM-8 2.0L 4cyl 27 24/32 $2 250 6 PR T SS",
"Metris (Cargo Van) Sienna 2WD",
"A-9 2.0L 4cyl 21 19/23 $2 900 4 PR T",
"Metris (Cargo Van LWB)",
"A-9 2.0L 4cyl 21 19/23 $2 900 4 PR T",
"CHRYSLER",
"Pacica AWD",
"Metris (Passenger Van)",
"A-9 2.0L 4cyl 19 18/22 $3 200 4 PR T",
"Metris (US Postal Long)",
"A-9 3.6L 6cyl 20 17/25 $2 400 4 SS",
"A-9 2.0L 4cyl 22 20/25 $2 800 5 PR T",
"Metris (US Postal) TOYOTA",
"Sienna AWD",
"A-9 2.0L 4cyl 22 20/25 $2 800 5 PR T",
"RAM",
"Promaster City",
"AV-S6 2.5L 4cyl 35 35/36 $1 350 7 HEV SS",
"SMALL SPORT UTILITY VEHICLES 2WD",
"A-9 2.4L 4cyl 24 21/28 $2 000 5",
"ACURA",
"MDX FWD",
"SPECIAL PURPOSE VEHICLES 4WD",
"A-S10 3.5L 6cyl 22 19/26 $2 800 5 P CD SS",
"CADILLAC",
"XT5 Hearse AWD",
"XT5 Limo AWD",
"RDX FWD",
"RDX FWD A-SPEC",
"Model MPG Annual Model MPG Annual",
"Configuration",
"(trans eng size cyl) Comb City/Hwy Fuel",
"Cost GHG",
"Rating Notes Configuration",
"(trans eng size cyl) Comb City/Hwy Fuel",
"Cost GHG",
"Rating Notes",
"ALFA ROMEO",
"Stelvio GENESIS",
"GV80 RWD",
"A-8 2.0L 4cyl 25 22/29 $2 450 5 P T SS A-S8 2.5L 4cyl 23 21/25 $2 650 5 P T SS",
"BMW",
"X3 sDrive30i GMC",
"Terrain FWD",
"A-S8 2.0L 4cyl 25 23/29 $2 450 5 P T SS A-9 1.5L 4cyl 27 25/30 $1 750 6 T SS",
"BUICK",
"Encore FWD HONDA",
"CR-V FWD",
"A-S6 1.4L 4cyl 27 24/32 $1 750 6 T AV 1.5L 4cyl 30 28/34 $1 600 6 T SS",
"Encore GX FWD Passport FWD",
"AV 1.2L 3cyl 30 29/31 $1 600 6 T SS A-S9 3.5L 6cyl 22 20/25 $2 150 5 CD SS",
"AV 1.3L 3cyl 30 29/32 $1 600 6 T SS Pilot FWD",
"Envision FWD A-S9 3.5L 6cyl 23 20/27 $2 050 5 CD SS",
"A-S9 2.0L 4cyl 26 24/31 $1 850 5 T CD SS",
"HYUNDAI",
"CADILLAC Kona Electric",
"XT4 FWD A-1 120 132/108 $650 10 EV",
"A-S9 2.0L 4cyl 26 24/30 $2 350 5 PR T CD SS",
"Kona FWD",
"XT5 FWD AM-S7 1.6L 4cyl 32 29/35 $1 500 7 T SS",
"A-S9 2.0L 4cyl 24 22/29 $2 550 5 PR T CD SS AV-S1 2.0L 4cyl 32 30/35 $1 500 7 SS",
"A-S9 3.6L 6cyl 21 19/26 $2 250 4 CD SS Kona N",
"XT6 FWD AM-S8 2.0L 4cyl 23 20/27 $2 650 5 P T",
"A-S9 2.0L 4cyl 23 21/27 $2 650 5 PR T CD SS",
"Nexo",
"A-S9 3.6L 6cyl 21 19/26 $2 250 4 CD SS A-1 57 59/54 NA 10 H FCV",
"CHEVROLET Nexo Blue",
"A-1 61 65/58 NA 10 H FCV",
"Blazer FWD",
"A-9 3.6L 6cyl 22 19/27 $2 150 5 CD SS",
"Equinox FWD",
"FORD",
"Escape FWD Escape FWD HEV Escape FWD PHEV",
"Mustang Mach-E CAL RT 1 ER RWD Mustang Mach-E RWD",
"Mustang Mach-E RWD Extended Santa Cruz FWD Santa Fe FWD",
"AM-S8 2.5L 4cyl 25 22/28 $1 900 5 T SS",
"Tucson FWD",
"INFINITI",
"QX50",
"JEEP",
"Cherokee FWD",
"A-9 2.0L 4cyl 26 23/31 $1 850 5 T SS A-9 2.4L 4cyl 25 22/31 $1 900 5 SS A-9 3.2L 6cyl 23 20/29 $2 050 5 SS",
"Compass FWD Renegade 2WD",
"KIA",
"A-9 2.0L 4cyl 25 22/29 $1 900 5 T CD SS",
"A-S8 2.5L 4cyl 23 21/26 $2 050 5",
"A-S8 2.5L 4cyl 26 25/28 $1 850 5 SS",
"A-6 1.5L 4cyl 28 26/31 $1 700 6 T SS",
"Trailblazer FWD",
"AV 1.2L 3cyl 30 29/31 $1 600 6 T SS",
"AV 1.3L 3cyl 31",
"Trax FWD 29/33 $1 550 7 T SS",
"A-S6 1.4L 4cyl 27 24/32 $1 750 6 T",
"A-S8 2.5L 4cyl 29 26/33 $1 650 6 SS",
"A-6 2.4L 4cyl 25 22/31 $1 900 5 SS",
"A-1 101 108/94 $750 10 EV",
"A-9 1.3L 4cyl 27 24/32 $1 750 6 T SS",
"A-1 103 110/96 $750 10 EV",
"A-1 97 104/90 $800 10 EV Seltos FWD",
"AV-S8 2.0L 4cyl 31 29/35 $1 550 7 SS",
"Model Annual Model Annual",
"MPG MPG",
"Configuration Fuel GHG Configuration Fuel GHG",
"(trans eng size cyl) Comb City/Hwy Cost Rating Notes (trans eng size cyl) Comb City/Hwy Cost Rating Notes",
"Sorento FWD TOYOTA",
"A-S8 2.5L 4cyl 26 24/29 $1 850 5 SS",
"AM-S8 2.5L 4cyl 25 22/29 $1 900 5 T SS Corolla Cross",
"Sorento Hybrid FWD AV-S10 2.0L 4cyl 32 31/33 $1 500 7 SS",
"AM-S6 1.6L 4cyl 37 39/35 $1 300 8 T HEV SS Highlander",
"Sportage FWD A-S8 3.5L 6cyl 24 21/29 $2 000 5 SS",
"A-S6 2.0L 4cyl 23 20/28 $2 050 5 T A-S8 3.5L 6cyl 23 20/28 $2 050 5",
"A-S6 2.4L 4cyl 26 23/30 $1 850 5 Highlander Hybrid",
"Telluride FWD AV-S6 2.5L 4cyl 36 36/35 $1 300 7 HEV SS",
"A-S8 3.8L 6cyl 23 20/26 $2 050 5 SS RAV4",
"LEXUS",
"NX 250",
"A-S8 2.5L 4cyl 28 26/33 $1 700 6 SS A-S8 2.5L 4cyl",
"A-S8 2.5L 4cyl",
"VOLKSWAGEN 30",
"30 27/35",
"27/35 $1 600",
"$1 600 6",
"6 SS",
"RX 350 Atlas",
"A-S8 3.5L 6cyl 23 20/27 $2 050 5 A-S8 2.0L 4cyl 23 21/25 $2 050 5 T SS",
"A-S8 3.6L 6cyl 20 18/24 $2 400 4 SS",
"Atlas Cross Sport",
"RX 350 L",
"A-S8 3.5L 6cyl 22 19/26 $2 150 5",
"A-S8 2.0L 4cyl 23 21/25 $2 050 5 T SS",
"LINCOLN",
"Corsair FWD",
"A-S8 3.6L 6cyl 20 18/24 $2 400 4 SS",
"ID.4 Pro",
"A-1 107 116/98 $700 10 EV",
"A-S8 2.0L 4cyl 25 22/29 $1 900 5 T SS",
"ID.4 Pro S",
"Nautilus FWD",
"A-1 102 110/93 $750 10 EV",
"A-8 2.0L 4cyl 23 21/26 $2 050 5 T SS",
"Taos",
"A-S8 2.0L 4cyl 23 21/26 $2 050 5 T SS",
"MERCEDES-BENZ",
"GLC300",
"A-8 1.5L 4cyl 31 28/36 $1 550 7 T SS",
"Tiguan",
"A-S8 2.0L 4cyl 26 23/30 $1 850 5 T SS",
"A-9 2.0L 4cyl 24 22/27 $2 550 5 PR T SS",
"VOLVO",
"XC40 T4",
"MITSUBISHI",
"Eclipse Cross 2WD",
"A-S8 2.0L 4cyl 26 23/32 $1 850 5 T SS",
"AV-S8 1.5L 4cyl 26 25/28 $1 850 5 T XC60 B5",
"A-S8 2.0L 4cyl 26 23/30 $2 350 5 PR T SS",
"Eclipse Cross ES 2WD",
"SMALL SPORT UTILITY VEHICLES 4WD",
"AV-S8 1.5L 4cyl 27 26/29 $1 750 6 T",
"Outlander 2WD",
"AV-S8 2.5L 4cyl 27 24/31 $1 750 6",
"ACURA",
"MDX AWD",
"Outlander Sport 2WD",
"AV-S6 2.0L 4cyl 27 24/30 $1 750 6",
"A-S10 3.5L 6cyl 21 19/25 $2 900 4 P CD SS",
"AV-S6 2.4L 4cyl 25 23/29 $1 900 5",
"NISSAN",
"Pathnder 2WD",
"RDX AWD",
"A-S10 2.0L 4cyl 23 21/27 $2 650 5 P T SS",
"RDX AWD A-SPEC",
"A-S10 2.0L 4cyl 23 21/26 $2 650 5 P T SS",
"A-S9 3.5L 6cyl 23 21/26 $2 050 5 SS",
"Rogue FWD",
"ALFA ROMEO",
"Stelvio AWD",
"AV-S8 1.5L 3cyl 33 30/37 $1 450 7 T",
"Rogue FWD SL/Platinum",
"A-8 2.0L 4cyl 24 22/28 $2 550 5 P T SS",
"AV-S8 1.5L 3cyl 32 29/36 $1 500 7 T",
"A-8 2.9L 6cyl 19 17/23 $3 200 4 P T CD SS",
"AUDI",
"Q3 quattro",
"TESLA",
"Model Y RWD",
"A-1 129 140/119 $600 10 EV",
"A-S8 2.0L 4cyl 26 23/30 $1 850 5 T SS",
"Q3 S line quattro",
"A-S8 2.0L 4cyl 24 21/28 $2 000 5 T SS",
"Model MPG Annual Model MPG Annual",
"Configuration Fuel GHG Configuration Fuel GHG",
"(trans eng size cyl) Comb City/Hwy Cost Rating Notes (trans eng size cyl) Comb City/Hwy Cost Rating Notes",
"Q5 quattro",
"Q5 S line quattro",
"Q5 Sportback S line quattro Q5 TFSI e quattro",
"SQ5",
"SQ5 Sportback",
"BMW",
"X3 M",
"X3 M Competition X3 M40i",
"X3 xDrive30i X4 M",
"X4 M Competition X4 M40i",
"X4 xDrive30i",
"BUICK",
"Encore AWD Encore GX AWD Envision AWD",
"CADILLAC",
"XT4 AWD XT5 AWD",
"A-S9 3.6L 6cyl 21 18/26 $2 250 4 CD SS",
"XT6 AWD",
"A-S9 3.6L 6cyl 21 18/25 $2 250 4 CD SS",
"CHEVROLET",
"Blazer AWD",
"A-9 3.6L 6cyl 21 19/26 $2 250 4 CD SS Equinox AWD",
"Trailblazer AWD Trax AWD",
"FIAT",
"500X AWD",
"FORD",
"Bronco 4WD",
"M-7 2.3L 4cyl 20 20/21 $2 400 4 T PT4 SS",
"Bronco Badlands 4WD",
"M-7 2.3L 4cyl 18 17/18 $2 650 3 T PT4 SS",
"Bronco Sport 4WD",
"A-S8 2.0L 4cyl 23 21/26 $2 050 5 T PT4 SS",
"EcoSport AWD Edge AWD",
"A-S8 2.0L 4cyl 23 20/28 $2 050 5 T SS",
"Escape AWD",
"A-8 2.0L 4cyl 26 22/31 $1 850 5 T SS",
"Escape AWD HEV Mustang Mach-E AWD",
"Mustang Mach-E AWD Extended Mustang Mach-E CAL RT 1 ER AWD Mustang Mach-E GT",
"Mustang Mach-E GT Performance",
"AM-7 2.0L 4cyl 25 23/29 $2 450 5 P T MHEV SS",
"A-6 1.5L 4cyl 27 25/30 $1 750 6 T SS",
"AM-S7 2.0L 4cyl 25 23/28 $2 450 5 P T MHEV SS",
"A-9 1.3L 3cyl 28 26/30 $1 700 6 T SS",
"AM-S7 2.0L 4cyl 25 23/28 $2 450 5 P T MHEV SS",
"A-S6 1.4L 4cyl 26 23/30 $1 850 5 T",
"AM-S7 2.0L 4cyl See page 42. P T PHEV SS",
"A-9 1.3L 4cyl 26 24/30 $1 850 5 T SS",
"A-S8 3.0L 6cyl 21 19/24 $2 900 4 P T SS",
"A-S8 3.0L 6cyl 21 19/24 $2 900 4 P T SS",
"A-S10 2.3L 4cyl 20 20/21 $2 400 4 T PT4 SS",
"A-S10 2.7L 6cyl 19 19/20 $2 500 4 T PT4 SS",
"A-S8 3.0L 6cyl 17 15/20 $3 600 3 P T SS",
"A-S10 2.3L 4cyl 17 17/17 $2 800 3 T PT4 SS",
"M-7 2.3L 4cyl 17 16/17 $2 800 3 T PT4 SS",
"A-S10 2.7L 6cyl 17 17/17 $2 800 3 T PT4 SS",
"Bronco Black Diamond 4WD",
"A-S10 2.3L 4cyl 18 18/18 $2 650 3 T PT4 SS",
"M-7 2.3L 4cyl 18 17/19 $2 650 3 T PT4 SS",
"Bronco Sasquatch 4WD",
"A-S8 3.0L 6cyl 17 15/20 $3 600 3 P T SS",
"A-S8 3.0L 6cyl 23 21/26 $2 650 5 P T MHEV SS",
"A-S8 2.0L 4cyl 24 21/28 $2 550 5 P T SS",
"A-S10 2.3L 4cyl 18 18/17 $2 650 3 T PT4 SS",
"A-S8 3.0L 6cyl 17 15/20 $3 600 3 P T SS",
"A-S10 2.7L 6cyl 17 17/17 $2 800 3 T PT4 SS",
"A-S8 3.0L 6cyl 17 15/20 $3 600 3 P T SS",
"A-8 1.5L 3cyl 26 25/28 $1 850 5 T CD SS",
"A-S8 3.0L 6cyl 23 21/26 $2 650 5 P T MHEV SS",
"A-S8 2.0L 4cyl 24 21/28 $2 550 5 P T SS",
"A-S6 2.0L 4cyl 25 23/29 $1 900 5 SS",
"A-8 2.0L 4cyl 23 21/28 $2 050 5 T SS",
"A-S6 1.4L 4cyl 26 23/30 $1 850 5 T",
"A-S8 2.7L 6cyl 21 19/25 $2 250 4 T SS",
"A-9 1.3L 3cyl 27 26/29 $1 750 6 T SS",
"A-8 1.5L 3cyl 28 26/31 $1 700 6 T CD SS",
"A-S9 2.0L 4cyl 25 22/29 $1 900 5 T CD SS",
"AV 2.5L 4cyl 40 43/37 $1 200 8 PT4 HEV SS",
"A-1 93 99/86 $800 10 EV",
"A-S9 2.0L 4cyl 24 22/29 $2 550 5 PR T CD SS",
"A-1 91 97/84 $850 10 EV",
"A-S9 2.0L 4cyl 23 21/27 $2 650 5 PR T CD SS",
"A-1 98 105/91 $750 10 EV",
"A-S9 2.0L 4cyl 23 21/26 $2 650 5 PR T CD SS",
"A-1 84 90/77 $900 10 EV",
"A-1 82 88/75 $950 10 EV",
"A-9 2.0L 4cyl 24 22/27 $2 000 5 T CD SS",
"Model Annual Model Annual",
"MPG MPG",
"Configuration Fuel GHG Configuration Fuel GHG",
"(trans eng size cyl) Comb City/Hwy Cost Rating Notes (trans eng size cyl) Comb City/Hwy Cost Rating Notes",
"GENESIS",
"GV70 AWD JAGUAR",
"E-Pace",
"A-S8 2.5L 4cyl 24 22/28 $2 550 5 P T SS A-S9 2.0L 4cyl 23 20/26 $2 650 5 P T SS",
"A-S8 2.5L 4cyl 22 19/26 $2 800 5 P T Spt Pkg SS",
"E-Pace MHEV",
"A-S8 3.5L 6cyl 21 19/25 $2 900 4 P T SS",
"A-S9 2.0L 4cyl 23 21/26 $2 650 5 P T MHEV SS",
"F-Pace",
"GMC",
"Terrain AWD",
"A-S8 2.0L 4cyl 24 22/27 $2 550 5 P T SS",
"F-Pace P340 MHEV",
"A-9 1.5L 4cyl 26 25/28 $1 850 5 T SS",
"A-S8 3.0L 6cyl 22 20/27 $2 800 5 P MHEV SS",
"HONDA",
"CR-V AWD",
"F-Pace P400 MHEV",
"A-S8 3.0L 6cyl 22 19/26 $2 800 5 P MHEV SS",
"F-Pace SVR",
"AV 1.5L 4cyl 29 27/32 $1 650 6 T SS",
"A-S8 5.0L 8cyl 17 15/21 $3 600 3 P S SS",
"CR-V Hybrid AWD",
"AV 2.0L 4cyl 38 40/35 $1 250 8 HEV SS",
"JEEP",
"Cherokee 4WD",
"Passport AWD",
"A-S9 3.5L 6cyl 21 19/24 $2 250 4 CD SS",
"A-9 2.0L 4cyl 24 21/29 $2 000 5 T SS",
"Pilot AWD",
"A-9 2.4L 4cyl 24 21/29 $2 000 5 SS",
"A-S9 3.5L 6cyl 22 19/26 $2 150 5 CD SS",
"A-9 3.2L 6cyl 22 19/27 $2 150 5 SS",
"Pilot AWD TrailSport",
"Cherokee Trailhawk 4WD",
"A-S9 3.5L 6cyl 21 19/25 $2 250 4 CD SS",
"A-9 3.2L 6cyl 21 18/24 $2 250 4 SS",
"Compass 4WD",
"HYUNDAI",
"Kona AWD",
"A-9 2.4L 4cyl 25 22/30 $1 900 5 SS",
"Renegade 4WD",
"AM-S7 1.6L 4cyl 29 27/32 $1 650 6 T SS",
"A-9 1.3L 4cyl 26 23/29 $1 850 5 T SS",
"AV-S1 2.0L 4cyl 30 28/33 $1 600 6 SS",
"Santa Cruz AWD",
"Renegade Trailhawk 4WD",
"A-9 1.3L 4cyl 24 22/27 $2 000 5 T SS",
"A-S8 2.5L 4cyl 23 21/27 $2 050 5",
"Wrangler 2dr 4WD",
"AM-S8 2.5L 4cyl 22 19/27 $2 150 5 T",
"Santa Fe AWD",
"A-8 2.0L 4cyl 23 22/24 $2 050 5 T SS",
"A-8 3.6L 6cyl 21 20/24 $2 250 4 MHEV SS",
"A-S8 2.5L 4cyl 24 22/25 $2 000 5 SS",
"A-8 3.6L 6cyl 20 18/23 $2 400 4 SS",
"AM-S8 2.5L 4cyl 24 21/28 $2 000 5 T SS",
"Santa Fe Hybrid",
"M-6 3.6L 6cyl 20 17/25 $2 400 4 SS",
"Wrangler 4dr 4WD",
"AM-S6 1.6L 4cyl 32 33/30 $1 500 7 T HEV SS",
"A-8 2.0L 4cyl 22 21/24 $2 150 5 T SS",
"Santa Fe Hybrid Blue",
"A-8 3.6L 6cyl 21 19/24 $2 250 4 MHEV SS",
"AM-S6 1.6L 4cyl 34 36/31 $1 400 7 T HEV SS A-8 3.6L 6cyl 20 18/23 $2 400 4 SS",
"M-6 3.6L 6cyl 19 17/23 $2 500 4 SS",
"Santa Fe Plug-in Hybrid",
"A-8 6.4L 8cyl 14 13/17 $4 350 2 P CD",
"AM-S6 1.6L 4cyl See page 42. T PHEV SS",
"Wrangler 4dr 4xe",
"Tucson AWD",
"A-8 2.0L 4cyl See page 42. T PHEV SS",
"A-S8 2.5L 4cyl 26 24/29 $1 850 5",
"Wrangler 4dr EcoDiesel 4WD",
"Tucson Hybrid",
"A-8 3.0L 6cyl 25 22/29 $2 200 5 D T SS",
"AM-S6 1.6L 4cyl 37 37/36 $1 300 8 T HEV SS",
"Wrangler Rubic 4dr EcoDiesel 4WD",
"Tucson Hybrid Blue",
"A-8 3.0L 6cyl 23 21/26 $2 350 4 D T SS",
"AM-S6 1.6L 4cyl 38 38/38 $1 250 8 T HEV SS",
"Tucson Plug-in Hybrid",
"KIA",
"Seltos AWD",
"AM-S6 1.6L 4cyl See page 42. T PHEV SS",
"AM-S7 1.6L 4cyl 27 25/30 $1 750 6 T SS",
"INFINITI",
"QX50 AWD",
"AV-S8 2.0L 4cyl 29 27/31 $1 650 6 SS",
"Sorento AWD",
"AV-S8 2.0L 4cyl 25 22/28 $2 450 5 PR T",
"A-S8 2.5L 4cyl 24 23/25 $2 000 5 SS",
"QX55 AWD",
"AM-S8 2.5L 4cyl 24 22/27 $2 000 5 T SS",
"Sorento Hybrid AWD",
"AV-S8 2.0L 4cyl 25 22/28 $2 450 5 PR T",
"AM-S6 1.6L 4cyl 35 36/33 $1 350 7 T HEV SS",
"Model",
"Configuration MPG Annual",
"Fuel GHG Model",
"Configuration MPG Annual",
"Fuel GHG",
"(trans eng size cyl) Comb City/Hwy",
"Sorento Plug-in Hybrid",
"Sportage AWD Cost Rating Notes (trans eng size cyl) Comb City/Hwy",
"CX-9 4WD",
"MERCEDES-BENZ",
"AMG GLC43 4matic Cost Rating Notes",
"AM-S6 1.6L 4cyl See page 42. T PHEV SS",
"A-S6 2.5L 4cyl 23 20/26 $2 050 5 T",
"A-S6 2.0L 4cyl 21 19/24 $2 250 4 T",
"A-S6 2.4L 4cyl 23 22/26 $2 050 5",
"Telluride AWD",
"A-S8 3.8L 6cyl 21 19/24 $2 250 4 SS",
"LAND ROVER",
"Discovery Sport",
"A-S9 2.0L 4cyl 20 19/23 $3 050 4 P T SS",
"Range Rover Evoque",
"A-S9 2.0L 4cyl 22 20/27 $2 800 5 P T SS",
"Range Rover Evoque MHEV",
"A-S9 2.0L 4cyl 23 21/26 $2 650 5 P T MHEV SS",
"Range Rover Velar",
"A-S8 2.0L 4cyl 23 20/26 $2 650 5 P T SS",
"A-9 3.0L 6cyl 21 18/25 $2 900 4 PR T SS",
"Range Rover Velar P340 MHEV Range Rover Velar P400 MHEV",
"A-S6 2.5L 4cyl 25 22/30 $1 900 5 T",
"CX-5 4WD",
"A-S6 2.5L 4cyl 24 22/27 $2 000 5 T AMG GLC43 4matic Coupe",
"EQB 300 4matic",
"EQB 350 4matic GLA250 4matic GLB250 4matic GLC300 4matic GLC300 4matic Coupe GLE350",
"GLE350 4matic",
"MITSUBISHI",
"Eclipse Cross 4WD Eclipse Cross ES 4WD Outlander 4WD Outlander PHEV Outlander Sport 4WD",
"AV-S6 2.4L 4cyl 25 23/28 $1 900 5",
"NISSAN",
"Pathnder 4WD Rogue AWD",
"Rogue AWD SL/Platinum",
"PORSCHE",
"Macan",
"Macan GTS Macan S",
"A-9 3.0L 6cyl 19 16/24 $3 200 4 PR T SS",
"A-1 101 104/98 $750 10 EV SS",
"A-1 96 98/93 $800 10 EV SS",
"AM-8 2.0L 4cyl 26 23/32 $2 350 5 PR T SS",
"AM-8 2.0L 4cyl 25 22/30 $2 450 5 PR T SS",
"A-9 2.0L 4cyl 24 21/28 $2 550 5 PR T SS",
"A-S8 3.0L 6cyl 22 20/26 $2 800 5 P MHEV SS",
"A-9 2.0L 4cyl 23 21/27 $2 650 5 PR T SS",
"A-S8 3.0L 6cyl 21 19/25 $2 900 4 P MHEV SS",
"LEXUS",
"NX 250 AWD",
"A-S8 2.5L 4cyl 28 25/32 $1 700 6 SS",
"NX 350 AWD",
"A-S8 2.4L 4cyl 25 22/29 $2 450 5 PR T SS",
"A-S8 2.4L 4cyl 25 22/28 $2 450 5 PR T F-Sport SS",
"NX 350h AWD",
"AV-S6 2.5L 4cyl 39 41/37 $1 550 8 P HEV SS",
"NX 450h Plus AWD",
"AV-S6 2.5L 4cyl See pa ge 42. P PHEV SS",
"RX 350 AWD",
"A-S8 3.5L 6cyl 22 19/26 $2 150 5",
"RX 350 L AWD",
"A-S8 3.5L 6cyl 21 18/25 $2 250 4",
"LINCOLN",
"Corsair AWD",
"A-S8 2.0L 4cyl 24 21/29 $2 000 5 T SS",
"A-S8 2.3L 4cyl 24 21/28 $2 000 5 T SS",
"Corsair AWD PHEV",
"AV 2.5L 4cyl See pa ge 42. PT4 PHEV SS",
"Nautilus AWD",
"A-8 2.0L 4cyl 22 20/25 $2 150 5 T SS",
"A-S8 2.0L 4cyl 22 20/25 $2 150 5 T SS",
"A-S8 2.7L 6cyl 21 19/25 $2 250 4 T SS",
"MAZDA",
"CX-30 4WD",
"A-9 2.0L 4cyl 22 19/27 $2 800 5 PR T SS",
"A-9 2.0L 4cyl 22 19/26 $2 800 5 PR T SS",
"AV-S8 1.5L 4cyl 25 25/26 $1 900 5 T",
"AV-S8 1.5L 4cyl 26 25/28 $1 850 5 T",
"AV-S8 2.5L 4cyl 26 24/30 $1 850 5",
"A-1 2.4L 4cyl See page 42. PHEV",
"AV-S6 2.0L 4cyl 26 23/29 $1 850 5",
"A-S9 3.5L 6cyl 23 21/27 $2 050 5 SS",
"AV-S8 1.5L 3cyl 31 28/35 $1 550 7 T",
"AV-S8 1.5L 3cyl 31 28/34 $1 550 7 T",
"AM-S7 2.0L 4cyl 21 19/25 $2 900 4 PR T SS",
"A-S6 2.5L 4cyl 26 24/31 $1 850 5",
"AM-S7 2.9L 6cyl 19 17/22 $3 200 4 PR T SS",
"AM-S7 2.9L 6cyl 19 17/23 $3 200 4 PR T SS",
"A-S6 2.5L 4cyl 26 24/30 $1 850 5 CD",
"Model MPG Annual Model MPG Annual",
"Configuration Fuel GHG Configuration Fuel GHG",
"(trans eng size cyl)",
"SUBARU Comb City/Hwy Cost Rating Notes (trans eng size cyl)",
"Taos 4motion Comb City/Hwy Cost Rating Notes",
"A-7 1.5L 4cyl 28 25/32 $1 700 6 T SS",
"Crosstrek AWD Tiguan 4motion",
"AV-S8 2.0L 4cyl 30 28/33 $1 600 6 SS A-S8 2.0L 4cyl 25 22/29 $1 900 5 T SS",
"M-6 2.0L 4cyl 25 22/29 $1 900 5",
"Forester AWD",
"Forester Wilderness AWD",
"Model Y Long Range AWD Model Y Performance AWD",
"Highlander AWD RAV4 AWD",
"A-S8 2.5L 4cyl 28 25/33 $1 700 6",
"RAV4 AWD LE",
"RAV4 AWD TRD OFFROAD",
"RAV4 Hybrid AWD RAV4 Prime 4WD Venza AWD",
"VOLKSWAGEN",
"Atlas 4motion",
"Atlas Cross Sport 4motion",
"A-S8 3.6L 6cyl 20 18/24 $2 400 4 SS",
"ID.4 AWD Pro",
"ID.4 AWD Pro S Tiguan R-Line 4motion",
"VOLVO",
"C40 Recharge twin XC40 Recharge twin XC40 T5 AWD",
"XC60 B5 AWD XC60 B6 AWD",
"XC60 T8 AWD Recharge",
"XC60 T8 AWD Recharge ext. Range",
"BMW",
"X5 sDrive40i",
"BUICK",
"Enclave FWD",
"CADILLAC",
"Escalade 2WD",
"A-10 6.2L 8cyl 16 14/19 $3 800 3 P CD",
"CHEVROLET",
"A-10 6.2L 8cyl 16 14/20 $3 800 3 P CD",
"Tahoe 2WD",
"A-10 5.3L 8cyl 17 15/20 $2 800 3 CD A-10 6.2L 8cyl 16 14/20 $3 800 3 P CD",
"Traverse FWD",
"AV-S8 2.5L 4cyl 29 27/34 $1 650 6 SS",
"A-S8 2.0L 4cyl 24 21/28 $2 000 5 T SS",
"AV-S7 2.5L 4cyl 29 26/33 $1 650 6 SS",
"AV-S8 2.5L 4cyl 26 25/28 $1 850 5 SS",
"Outback AWD",
"AV-S8 2.4L 4cyl 26 23/30 $1 850 5 T SS",
"AV-S8 2.5L 4cyl 29 26/33 $1 650 6 SS",
"Outback Wilderness AWD",
"AV-S8 2.4L 4cyl 24 22/26 $2 000 5 T SS",
"TESLA",
"Model Y AWD",
"A-1 123 129/116 $600 10 EV",
"A-1 87 94/80 $850 10 EV",
"A-1 85 92/79 $900 10 EV",
"A-S8 2.0L 4cyl 25 22/30 $2 450 5 PR T SS",
"A-S8 2.0L 4cyl 24 22/28 $2 550 5 PR T SS",
"A-S8 2.0L 4cyl 24 21/27 $2 550 5 PR T S SS",
"A-S8 2.0L 4cyl See page 42. PR T S PHEV SS",
"A-1 122 127/117 $600 10 EV",
"A-S8 2.0L 4cyl See page 42. PR T PHEV SS",
"STANDARD SPORT UTILITY VEHICLES 2WD",
"A-1 111 115/106 $700 10 EV",
"TOYOTA",
"Corolla Cross 4WD",
"AV-S10 2.0L 4cyl 30 29/32 $1 600 6 SS",
"A-S8 3.0L 6cyl 23 21/26 $2 650 5 P T MHEV SS",
"A-S8 3.5L 6cyl 23 20/27 $2 050 5 SS",
"A-S8 2.5L 4cyl 29 27/33 $1 650 6 SS",
"A-9 3.6L 6cyl 21 18/26 $2 250 4 SS",
"A-S8 2.5L 4cyl 30 27/34 $1 600 6 SS",
"A-S8 2.5L 4cyl 28 25/32 $1 700 6",
"A-10 3.0L 6cyl 23 21/27 $2 350 4 D T SS",
"A-10 6.2L 8cyl 16 14/19 $3 800 3 P CD SS",
"AV-S6 2.5L 4cyl 40 41/38 $1 200 8 HEV SS",
"AV-S6 2.5L 4cyl See page 42. PHEV SS",
"Suburban 2WD",
"A-10 3.0L 6cyl 23 21/27 $2 350 4 D T SS",
"A-10 5.3L 8cyl 17 15/20 $2 800 3 CD",
"A-10 5.3L 8cyl 17 15/20 $2 800 3 CD SS",
"AV-S6 2.5L 4cyl 39 40/37 $1 200 8 HEV SS",
"A-10 6.2L 8cyl 16 14/20 $3 800 3 P CD SS",
"A-S8 2.0L 4cyl 22 20/24 $2 150 5 T SS",
"A-S8 3.6L 6cyl 19 17/23 $2 500 4 SS",
"A-10 3.0L 6cyl 24 21/28 $2 250 4 D T SS",
"A-10 5.3L 8cyl 17 15/20 $2 800 3 CD SS",
"A-S8 2.0L 4cyl 22 20/24 $2 150 5 T SS",
"A-10 6.2L 8cyl 16 14/20 $3 800 3 P CD SS",
"A-1 101 106/96 $750 10 EV",
"A-9 3.6L 6cyl 21 18/27 $2 250 4 SS",
"A-1 95 100/90 $800 10 EV",
"Model MPG Annual Model MPG Annual",
"Configuration",
"(trans eng size cyl) Comb City/Hwy Fuel",
"Cost GHG",
"Rating Notes Configuration",
"(trans eng size cyl) Comb City/Hwy Fuel",
"Cost GHG",
"Rating Notes",
"DODGE Wagoneer 2WD",
"A-8 5.7L 8cyl 18 16/22 $3 100 3 Mid CD MHEV SS",
"Durango RWD",
"A-8 5.7L 8cyl 17 14/22 $3 300 3 Mid CD LINCOLN",
"Aviator RWD",
"A-8 3.6L 6cyl 21 19/26 $2 250 4 SS",
"FORD A-S10 3.0L 6cyl",
"Navigator 2WD 21 18/26 $2 250 4 T SS",
"Expedition 2WD A-S10 3.5L 6cyl 19 17/23 $2 500 4 T SS",
"A-S10 3.5L 6cyl 19 17/23 $2 500 4 T SS",
"A-S10 3.5L 6cyl 19 16/23 $2 500 4 T NISSAN",
"Explorer HEV RWD",
"A-S10 3.3L 6cyl 27 27/28 $1 750 6 HEV SS Armada 2WD",
"A-S7 5.6L 8cyl 16 14/19 $3 800 3 P",
"Explorer Platinum HEV RWD",
"Explorer RWD",
"A-10 2.3L 4cyl 24 21/28 $2 000 5 T SS A-10 2.3L 4cyl 23 20/28 $2 050 5 T",
"A-10 5.3L 8cyl 17 15/20 $2 800 3 CD A-10 6.2L 8cyl 16 14/20 $3 800 3 P CD",
"Yukon XL 2WD",
"A-10 5.3L 8cyl 17 15/20 $2 800 3 CD A-10 6.2L 8cyl 16 14/19 $3 800 3 P CD",
"HYUNDAI",
"Palisade FWD",
"INFINITI TOYOTA",
"4Runner 2WD",
"ACURA",
"MDX AWD Type-S",
"ASTON MARTIN",
"DBX V8",
"AUDI",
"e-tron quattro",
"e-tron S (20in wheels)",
"e-tron S (21/22 inch wheels)",
"Sequoia 2WD",
"A-S6 5.7L 8cyl 15 13/17 $3 150 2",
"VOLVO",
"XC90 T5",
"A-10 3.0L 6cyl 21 18/26 $2 250 4 T SS",
"A-S10 3.0L 6cyl 20 18/25 $2 400 4 T SS",
"GMC",
"Acadia FWD",
"A-9 2.0L 4cyl 25 22/29 $1 900 5 T CD SS",
"A-9 3.6L 6cyl",
"Yukon 2WD 22 19/27 $2 150 5 CD SS",
"A-10 3.0L 6cyl 23 21/27 $2 350 4 D T SS",
"A-S8 2.0L 4cyl 25 21/30 $2 450 5 PR T SS",
"STANDARD SPORT UTILITY VEHICLES 4WD",
"A-10 5.3L 8cyl 17 15/20 $2 800 3 CD SS",
"A-S10 3.0L 6cyl 19 17/21 $3 200 4 P T CD SS",
"A-10 6.2L 8cyl 16 14/20 $3 800 3 P CD SS",
"A-10 3.0L 6cyl 23 21/27 $2 350 4 D T SS",
"A-9 4.0L 8cyl 16 14/20 $3 800 3 P T CD",
"A-10 5.3L 8cyl 17 15/20 $2 800 3 CD SS",
"A-10 6.2L 8cyl 16 14/19 $3 800 3 P CD SS",
"A-1 78 78/77 $1 000 10 EV",
"A-1 73 72/75 $1 050 10 EV",
"A-S8 3.8L 6cyl 22 19/26 $2 150 5",
"A-1 63 62/64 $1 200 10 EV",
"QX60 FWD e-tron S Sportback (20 inch wheels)",
"A-S9 3.5L 6cyl 23 21/26 $2 650 5 P SS A-1 75 73/78 $1 000 10 EV",
"QX80 2WD e-tron S Sportback (21/22 inch wheels)",
"A-S7 5.6L 8cyl 16 14/20 $3 800 3 P A-1 65 64/66 $1 150 10 EV",
"e-tron Sportback quattro",
"A-1 77 76/78 $1 000 10 EV",
"Grand Cherokee 2WD Q4 e-tron quattro",
"A-8 3.6L 6cyl 22 19/26 $2 150 5 SS A-1 95 100/89 $800 10 EV",
"Grand Cherokee L 2WD Q4 e-tron Sportback quattro",
"A-8 3.6L 6cyl 21 19/26 $2 250 4 SS A-1 95 100/89 $800 10 EV",
"Grand Cherokee WK 2WD Q7 quattro",
"A-8 3.6L 6cyl 21 19/26 $2 250 4 SS A-S8 2.0L 4cyl 22 20/25 $2 800 5 P T SS",
"Grand Wagoneer 2WD A-S8 3.0L 6cyl 20 18/23 $3 050 4 P T MHEV SS",
"A-8 3.0L 6cyl 17 15/21 $3 600 3 PR T SS Q8 quattro",
"A-8 6.4L 8cyl 15 13/19 $4 100 2 P CD A-S8 3.0L 6cyl 20 18/23 $3 050 4 P T MHEV SS",
"JEEP",
"Model Annual Model Annual",
"MPG MPG",
"Configuration Fuel GHG Configuration Fuel GHG",
"(trans eng size cyl) Comb City/Hwy Cost Rating Notes (trans eng size cyl) Comb City/Hwy Cost Rating Notes",
"RS Q8",
"CHEVROLET",
"Suburban 4WD",
"A-S8 4.0L 8cyl 15 13/19 $4 100 2 P T CD MHEV SS",
"SQ7",
"A-10 3.0L 6cyl 22 20/26 $2 500 4 D T SS",
"A-S8 4.0L 8cyl 17 15/21 $3 600 3 P T CD SS",
"A-10 5.3L 8cyl 16 15/19 $2 950 3 CD SS",
"SQ8",
"A-10 5.3L 8cyl 16 14/19 $2 950 3 CD",
"A-S8 4.0L 8cyl 17 15/21 $3 600 3 P T CD SS",
"A-10 6.2L 8cyl 16 14/19 $3 800 3 P CD",
"A-10 6.2L 8cyl 16 14/19 $3 800 3 P CD SS",
"BENTLEY",
"Bentayga",
"Tahoe 4WD",
"A-10 3.0L 6cyl 22 20/26 $2 500 4 D T SS",
"A-S8 4.0L 8cyl 18 15/24 $3 400 3 P T CD SS",
"A-10 5.3L 8cyl 17 15/20 $2 800 3 CD SS",
"A-10 5.3L 8cyl 16 14/19 $2 950 3 CD",
"Bentayga Speed",
"A-10 6.2L 8cyl 16 14/19 $3 800 3 P CD",
"A-S8 6.0L 12cyl 14 12/18 $4 350 2 P T CD SS",
"A-10 6.2L 8cyl 16 14/19 $3 800 3 P CD SS",
"BMW",
"Alpina XB7",
"Traverse AWD",
"A-9 3.6L 6cyl 20 17/25 $2 400 4 SS",
"A-S8 4.4L 8cyl 17 15/21 $3 600 3 P T SS",
"DODGE",
"Durango AWD",
"iX xDrive50 (20 inch wheels)",
"A-1 86 86/87 $900 10 EV",
"A-8 3.6L 6cyl 21 18/25 $2 250 4 SS",
"iX xDrive50 (21 inch wheels)",
"A-8 5.7L 8cyl 17 14/22 $3 300 3 Mid CD",
"Durango SRT AWD",
"A-1 83 82/84 $900 10 EV",
"iX xDrive50 (22 inch wheels)",
"A-8 6.4L 8cyl 15 13/19 $4 100 2 P CD",
"A-1 86 86/85 $900 10 EV",
"FORD",
"Bronco Raptor 4WD",
"X5 M",
"A-S8 4.4L 8cyl 15 13/18 $4 100 2 P T SS",
"X5 M Competition",
"A-S10 3.0L 6cyl 15 15/16 $3 150 2 T PT4 SS",
"A-S8 4.4L 8cyl 15 13/18 $4 100 2 P T SS",
"Expedition 4WD",
"X5 M50i",
"A-S10 3.5L 6cyl 18 16/22 $2 650 3 T PT4 SS",
"A-S8 4.4L 8cyl 18 16/22 $3 400 3 P T SS",
"A-S10 3.5L 6cyl 18 16/21 $2 650 3 T PT4",
"Expedition Timberline AWD",
"X5 xDrive40i",
"A-S10 3.5L 6cyl 17 16/19 $2 800 3 T PT4 SS",
"A-S8 3.0L 6cyl 23 21/25 $2 650 5 P T MHEV SS",
"A-S10 3.5L 6cyl 17 15/19 $2 800 3 T PT4",
"Explorer AWD",
"X5 xDrive45e",
"A-S8 3.0L 6cyl See page 42. P T PHEV SS",
"A-10 2.3L 4cyl 23 20/27 $2 050 5 T PT4 SS",
"X6 M",
"A-10 2.3L 4cyl 22 20/26 $2 150 5 T PT4 SS",
"A-S8 4.4L 8cyl 15 13/18 $4 100 2 P T SS",
"A-10 3.0L 6cyl 20 18/24 $2 400 4 T PT4 SS",
"X6 M Competition",
"A-S10 3.0L 6cyl 20 18/24 $2 400 4 T PT4 SS",
"Explorer FFV AWD",
"A-S8 4.4L 8cyl 15 13/18 $4 100 2 P T SS",
"X6 M50i",
"A-10 3.3L 6cyl 19 16/24 $2 500 4 Gas PT4 SS",
"13 11/15 $3 450 3 E85",
"A-S8 4.4L 8cyl 18 16/22 $3 400 3 P T SS",
"X6 xDrive40i Explorer HEV AWD",
"A-S8 3.0L 6cyl 23 21/25 $2 650 5 P T MHEV SS A-S10 3.3L 6cyl 25 23/26 $1 900 5 PT4 HEV SS",
"X7 M50i",
"Explorer Platinum HEV AWD",
"A-S8 4.4L 8cyl 17 15/21 $3 600 3 P T SS",
"A-S10 3.3L 6cyl 23 23/24 $2 050 5 PT4 HEV SS",
"X7 xDrive40i Explorer Timberline AWD",
"A-S8 3.0L 6cyl 21 19/24 $2 900 4 P T MHEV SS A-S10 2.3L 4cyl 21 19/22 $2 250 4 T PT4 SS",
"A-S10 2.3L 4cyl 20 19/21 $2 400 4 T PT4",
"GENESIS",
"GV80 AWD",
"BUICK",
"Enclave AWD",
"A-9 3.6L 6cyl 20 17/25 $2 400 4 SS",
"A-S8 2.5L 4cyl 22 21/25 $2 800 5 P T SS",
"CADILLAC",
"Escalade 4WD",
"A-S8 3.5L 6cyl 20 18/23 $3 050 4 P T SS",
"A-10 3.0L 6cyl 22 20/26 $2 500 4 D T SS",
"A-10 6.2L 8cyl 16 14/19 $3 800 3 P CD",
"A-10 6.2L 8cyl 16 14/19 $3 800 3 P CD SS",
"Model Annual Model Annual",
"MPG MPG",
"Configuration",
"(trans eng size cyl) Comb City/Hwy Fuel",
"Cost GHG",
"Rating Notes Configuration",
"(trans eng size cyl) Comb City/Hwy Fuel",
"Cost GHG",
"Rating Notes",
"GMC Defender 90",
"A-S8 2.0L 4cyl 19 18/21 $3 200 4 P T SS",
"Acadia AWD A-S8 5.0L 8cyl 16 15/19 $3 800 3 P S SS",
"A-9 2.0L 4cyl 24 22/27 $2 000 5 T CD SS Defender 90 MHEV",
"A-9 3.6L 6cyl 21 19/26 $2 250 4 CD SS A-S8 3.0L 6cyl 19 17/22 $3 200 4 P T S MHEV SS",
"Yukon 4WD Discovery",
"A-10 3.0L 6cyl 22 20/26 $2 500 4 D T SS A-S8 2.0L 4cyl 21 19/22 $2 900 4 P T SS",
"A-10 5.3L 8cyl 17 15/20 $2 800 3 CD SS",
"Discovery MHEV",
"A-10 5.3L 8cyl 16 14/19 $2 950 3 CD",
"A-S8 3.0L 6cyl 21 18/24 $2 900 4 P MHEV SS",
"A-10 6.2L 8cyl 16 14/19 $3 800 3 P CD",
"A-10 6.2L 8cyl 16 14/19 $3 800 3 P CD SS New Range Rover",
"A-S8 4.4L 8cyl 18 16/21 $3 400 3 P T SS",
"Yukon XL 4WD",
"A-10 3.0L 6cyl 22 20/26 $2 500 4 D T SS New Range Rover LWB",
"A-10 5.3L 8cyl 16 15/19 $2 950 3 CD SS",
"A-S8 4.4L 8cyl 18 16/21 $3 400 3 P T SS",
"A-10 5.3L 8cyl 16 14/19 $2 950 3 CD",
"New Range Rover P360 LWB MHEV",
"A-10 6.2L 8cyl 16 14/19 $3 800 3 P CD",
"A-S8 3.0L 6cyl 21 18/26 $2 900 4 P MHEV SS",
"A-10 6.2L 8cyl 16 14/19 $3 800 3 P CD SS",
"New Range Rover P360 MHEV",
"HYUNDAI",
"Palisade AWD",
"A-S8 3.0L 6cyl 21 18/26 $2 900 4 P MHEV SS",
"New Range Rover P400 LWB MHEV",
"A-S8 3.0L 6cyl 21 18/26 $2 900 4 P MHEV SS",
"A-S8 3.8L 6cyl 21 19/24 $2 250 4",
"New Range Rover P400 MHEV",
"INFINITI",
"QX60 AWD",
"A-S8 3.0L 6cyl 21 18/26 $2 900 4 P MHEV SS",
"Range Rover",
"A-S9 3.5L 6cyl 22 20/25 $2 800 5 P SS A-S8 5.0L 8cyl 18 16/21 $3 400 3 P S SS",
"Range Rover LWB",
"QX80 4WD",
"A-S8 5.0L 8cyl 18 16/21 $3 400 3 P S SS",
"A-S7 5.6L 8cyl 15 13/19 $4 100 2 P",
"A-S7 5.6L 8cyl 15 13/19 $4 100 2 P MDPV",
"JEEP",
"Grand Cherokee 4WD",
"Range Rover LWB SVA",
"A-S8 5.0L 8cyl 15 13/19 $4 100 2 P S SS",
"Range Rover P360 MHEV",
"A-S8 3.0L 6cyl 20 18/23 $3 050 4 P MHEV SS",
"A-8 3.6L 6cyl 22 19/26 $2 150 5 SS",
"Range Rover P400 MHEV",
"A-8 5.7L 8cyl 17 14/22 $3 300 3 Mid CD",
"Grand Cherokee 4xe",
"A-S8 3.0L 6cyl 20 18/23 $3 050 4 P MHEV SS",
"Range Rover Sport",
"A-8 2.0L 4cyl See page 42. T PHEV SS",
"A-S8 5.0L 8cyl 19 17/22 $3 200 4 P S SS",
"Grand Cherokee L 4WD",
"Range Rover Sport P360 MHEV",
"A-8 3.6L 6cyl 21 18/25 $2 250 4 SS",
"A-S8 3.0L 6cyl 21 19/24 $2 900 4 P T S MHEV SS",
"A-8 5.7L 8cyl 17 14/22 $3 300 3 Mid CD",
"Grand Cherokee WK 4WD",
"Range Rover Sport P400 MHEV",
"A-S8 3.0L 6cyl 21 19/24 $2 900 4 P T S MHEV SS",
"A-8 3.6L 6cyl 21 18/25 $2 250 4 SS",
"Range Rover Sport PHEV",
"Grand Wagoneer 4WD",
"A-S8 2.0L 4cyl See page 42. P T PHEV SS",
"A-8 3.0L 6cyl 17 14/20 $3 600 3 PR T SS",
"A-8 6.4L 8cyl 15 13/18 $4 100 2 P CD",
"Wagoneer 4WD Range Rover Sport SVR",
"A-S8 5.0L 8cyl 16 15/20 $3 800 3 P S SS",
"A-8 5.7L 8cyl 17 15/20 $3 300 3 Mid CD MHEV SS Range Rover SVA",
"A-S8 5.0L 8cyl 16 14/19 $3 800 3 P S SS",
"LAMBORGHINI",
"Urus",
"LEXUS",
"GX 460",
"A-S8 4.0L 8cyl 14 12/17 $4 350 2 P T CD SS",
"A-S6 4.6L 8cyl 16 15/19 $3 800 3 PR",
"LAND ROVER",
"Defender 110",
"LX 600",
"A-S10 3.4L 6cyl 19 17/22 $3 200 4 PR T SS",
"A-S8 2.0L 4cyl 18 17/20 $3 400 3 P T SS",
"RX 450h AWD",
"A-S8 5.0L 8cyl 16 14/19 $3 800 3 P S SS",
"Defender 110 MHEV",
"AV-S6 3.5L 6cyl 30 31/28 $2 050 6 PR HEV SS",
"RX 450h L AWD",
"A-S8 3.0L 6cyl 19 17/22 $3 200 4 P T S MHEV SS",
"AV-S6 3.5L 6cyl 29 29/28 $2 100 6 PR HEV SS",
"Model Annual Model Annual",
"MPG MPG",
"Configuration Fuel GHG Configuration Fuel GHG",
"(trans eng size cyl) Comb City/Hwy Cost Rating Notes (trans eng size cyl) Comb City/Hwy Cost Rating Notes",
"LINCOLN",
"Aviator AWD PORSCHE",
"Cayenne",
"A-S10 3.0L 6cyl 20 17/24 $2 400 4 T PT4 SS A-S8 3.0L 6cyl 19 17/22 $3 200 4 PR T SS",
"Aviator PHEV AWD Cayenne / Cayenne Coupe",
"A-S10 3.0L 6cyl See page 42. T PT4 PHEV SS A-S8 3.0L 6cyl 19 17/22 $3 200 4 PR T SS",
"Navigator 4WD Cayenne GTS",
"A-S10 3.5L 6cyl 18 16/22 $2 650 3 T PT4 SS A-S8 4.0L 8cyl 17 15/19 $3 600 3 PR T CD SS",
"Cayenne GTS Coupe",
"MASERATI",
"Levante GT",
"A-S8 4.0L 8cyl 17 15/19 $3 600 3 PR T CD SS",
"Cayenne S",
"A-8 3.0L 6cyl 18 16/22 $3 400 3 PR T SS",
"A-S8 2.9L 6cyl 18 16/22 $3 400 3 PR T SS",
"Levante Modena",
"Cayenne S Coupe",
"A-8 3.0L 6cyl 18 16/22 $3 400 3 PR T SS",
"A-S8 2.9L 6cyl 18 16/21 $3 400 3 PR T SS",
"Levante Modena V8",
"Cayenne Turbo",
"A-8 3.8L 8cyl 16 13/20 $3 800 3 PR T SS",
"A-S8 4.0L 8cyl 16 14/19 $3 800 3 PR T CD SS",
"Levante Trofeo",
"Cayenne Turbo Coupe",
"A-8 3.8L 8cyl 16 13/20 $3 800 3 PR T SS",
"A-S8 4.0L 8cyl 17 15/20 $3 600 3 PR T CD SS",
"Cayenne Turbo GT Coupe",
"MERCEDES-BENZ",
"AMG G63",
"A-S8 4.0L 8cyl 16 14/19 $3 800 3 PR T CD SS",
"Cayenne Turbo S/Coupe E-Hybrid",
"A-9 4.0L 8cyl 14 13/16 $4 350 2 PR T CD SS",
"A-S8 4.0L 8cyl See page 42. P T PHEV SS",
"AMG GLE53 4matic Plus",
"Cayenne/Coupe E-Hybrid",
"A-9 3.0L 6cyl 19 18/22 $3 200 4 PR MHEV SS",
"A-S8 3.0L 6cyl See page 42. P T PHEV SS",
"AMG GLE53 4matic Plus Coupe",
"RIVIAN",
"R1S",
"A-9 3.0L 6cyl 19 17/21 $3 200 4 PR MHEV SS",
"AMG GLE63 S 4matic Plus",
"A-9 4.0L 8cyl 16 15/19 $3 800 3 PR T CD MHEV SS",
"A-1 69 73/65 $1 100 10 PT4 EV",
"AMG GLE63 S 4matic Plus Coupe",
"SUBARU",
"Ascent",
"A-9 4.0L 8cyl 16 15/19 $3 800 3 PR T CD MHEV SS",
"AMG GLS63 4matic Plus",
"A-9 4.0L 8cyl 15 14/18 $4 100 2 PR T CD MHEV SS AV-S8 2.4L 4cyl 23 21/27 $2 050 5 T",
"G550 Ascent Limited/Touring/Onyx AWD",
"A-9 4.0L 8cyl 16 14/17 $3 800 3 PR T CD SS AV-S8 2.4L 4cyl 22 20/26 $2 150 5 T",
"TESLA",
"Model X",
"GLE450 4matic",
"A-9 3.0L 6cyl 22 20/26 $2 800 5 PR T MHEV SS",
"A-9 3.0L 6cyl 22 20/25 $2 800 5 PR T MHEV SS",
"GLE580 4matic",
"A-1 102 107/97 $750 10 EV",
"A-9 4.0L 8cyl 18 16/21 $3 400 3 PR T CD MHEV SS",
"Model X Plaid (20 inch wheels)",
"GLS450 4matic",
"A-1 98 103/93 $750 10 EV",
"A-9 3.0L 6cyl 20 18/24 $3 050 4 PR T MHEV SS",
"Model X Plaid (22 inch wheels)",
"GLS580 4matic A-1 91 94/88 $850 10 EV",
"A-9 4.0L 8cyl 18 16/21 $3 400 3 PR T CD MHEV SS",
"TOYOTA",
"4Runner 4WD",
"GLS600 4matic Maybach",
"A-9 4.0L 8cyl 17 14/20 $3 600 3 PR T CD MHEV SS",
"A-S5 4.0L 6cyl 17 16/19 $2 800 3 PT4",
"NISSAN",
"Armada 4WD",
"A-S5 4.0L 6cyl 17 16/19 $2 800 3",
"Highlander Hybrid AWD",
"AV-S6 2.5L 4cyl 35 35/35 $1 350 7 HEV SS",
"A-S7 5.6L 8cyl 15 13/18 $4 100 2 P",
"A-S7 5.6L 8cyl 15 13/18 $4 100 2 P MDPV",
"Pathnder 4WD Platinum",
"Highlander Hybrid AWD LTD/PLAT",
"AV-S6 2.5L 4cyl 35 35/34 $1 350 7 HEV SS",
"A-S9 3.5L 6cyl 22 20/25 $2 150 5 SS",
"Sequoia 4WD",
"A-S6 5.7L 8cyl 14 13/17 $3 400 2 PT4",
"Manufacturer",
"Model",
"Annual",
"MPG",
"Configuration",
"(trans eng size cyl) Comb City/Hwy Fuel",
"Cost GHG",
"Rating Notes",
"VOLVO",
"XC90 T5 AWD",
"A-S8 2.0L 4cyl 23 20/28 $2 650 5 PR T SS",
"XC90 T6 AWD",
"A-S8 2.0L 4cyl 22 19/27 $2 800 5 PR T S SS",
"XC90 T8 AWD Recharge",
"A-S8 2.0L 4cyl See page 42. PR T S PHEV SS",
"XC90 T8 AWD Recharge ext. Range",
"A-S8 2.0L 4cyl See page 42. PR T PHEV SS",
"Fuel Economy (comb/city/hwy) Driving Charge Time Annual",
"Model Motor Battery",
"Type MPGe kWh/100 mi Range*",
"(miles) (hrs @",
"240 V) Fuel",
"Cost GHG",
"Rating",
"TWO-SEATER CARS",
"HISPANO SUIZA CARS",
"Carmen Boulogne 820 kW AC Induction Li-Ion Polymer",
"NA NA NA NA NA NA",
"RIMAC AUTOMOBILI",
"Nevera 2 Front 250 kW Rear 450",
"kW each AC Induction Li-Ion NA NA NA NA NA NA",
"SUBCOMPACT CARS",
"BMW",
"i4 eDrive40 Gran Coupe (18 inch wheels) 250 kW EESM Li-Ion 109/109/108 31/31/31 301 10 $700 10",
"i4 eDrive40 Gran Coupe (19 inch wheels) 250 kW EESM Li-Ion 99/100/98 34/34/34 282 10 $750 10",
"i4 M50 Gran Coupe (19 inch wheels) 190 and 230 kW EESM Li-Ion 96/94/98 35/36/34 270 10 $800 10",
"i4 M50 Gran Coupe (20 inch wheels) 190 and 230 kW EESM Li-Ion 80/79/80 42/43/42 227 10 $950 10",
"MINI",
"Cooper SE Hardtop 2 door 135 kW DCPM Li-Ion 110/119/100 31/28/34 114 4 $700 10",
"COMPACT CARS",
"PORSCHE",
"Taycan 4S Perf Battery 150 and 270 kW ACPM Li-Ion 79/79/80 42/43/42 199 9.5 $950 10",
"Taycan 4S Perf Battery Plus 175 and 320 kW ACPM Li-Ion 77/75/81 43/45/42 227 10.5 $1 000 10",
"Taycan GTS 194 and 360 kW ACPM Li-Ion 83/83/82 41/40/41 246 10.5 $900 10",
"Taycan GTS ST 194 and 360 kW ACPM Li-Ion 80/80/80 42/42/42 233 10.5 $950 10",
"Taycan Perf Battery 240 kW ACPM Li-Ion 79/76/84 42/44/40 200 9.5 $950 10",
"Taycan Perf Battery Plus 280 kW ACPM Li-Ion 75/71/80 45/47/42 225 10.5 $1 000 10",
"Taycan Turbo 170 and 335 kW ACPM Li-Ion 73/71/75 46/46/43 212 10.5 $1 050 10",
"Taycan Turbo S 190 and 335 kW ACPM Li-Ion 70/69/71 48/49/47 201 10.5 $1 100 10",
"SC AUTOSPORTS LLC",
"Kandi K27 45 kW AC Induction Li-Ion NA NA NA NA NA NA",
"MIDSIZE CARS",
"AUDI",
"e-tron GT 175 kW Asynchron 3-Phase Li-Ion 82/81/83 41/42/41 238 10 $950 10",
"RS e-tron GT 335 kW Asynchron 3-Phase Li-Ion 81/79/82 42/42/41 232 10 $950 10",
"MAZDA",
"MX-30 81 kW AC PMSM Li-Ion 92/98/85 37/34/40 100 5.3 $850 10",
"NISSAN",
"Leaf (40 kW-hr battery pack) 110 kW DCPM Li-Ion 111/123/99 30/27/34 149 8 $700 10",
"Leaf (62 kW-hr battery pack) 160 kW DCPM Li-Ion 108/118/97 31/29/35 226 11 $700 10",
"Leaf SV/SL (62 kW-hr battery pack) 160 kW DCPM Li-Ion 104/114/94 32/29/36 215 11 $750 10",
"POLESTAR",
"2 Dual Motor 150 and 150kW AC PMSM Li-Ion 89/94/84 38/36/40 249 8 $850 10",
"2 Single Motor 170 kW AC PMSM Li-Ion 107/113/100 31/30/34 270 8 $700 10",
"PORSCHE",
"Taycan 4 Cross Turismo 175 and 320 kW ACPM Li-Ion 76/76/77 44/44/44 215 10.5 $1 000 10",
"Taycan 4S Cross Turismo 175 and 320 kW ACPM Li-Ion 75/75/75 45/45/45 215 10.5 $1 000 10",
"Taycan Turbo Cross Turismo 175 and 355 kW ACPM Li-Ion 72/72/72 47/47/47 204 10.5 $1 050 10",
"Taycan Turbo S Cross Turismo 190 and 335 kW ACPM Li-Ion 73/74/73 46/46/46 202 10.5 $1 050 10",
"TESLA",
"Model 3 Long Range AWD 98 and 195 kW AC 3-Phase Li-Ion 131/134/126 26/25/27 358 9.6/11.5† $600 10",
"Model 3 Performance AWD 131 and 190 kW AC 3-Phase Li-Ion 113/118/107 30/29/32 315 9.6/10† $650 10",
"Model 3 RWD 192 kW AC 3-Phase Li-Ion 132/138/126 25/25/27 272 5.8/10.4† $550 10",
"Battery Fuel Economy (comb/city/hwy) Driving Range* Charge Time (hrs @ Annual Fuel GHG",
"Model Motor Type MPGe kWh/100 mi (miles) 240 V) Cost Rating",
"LARGE CARS",
"HYUNDAI",
"Ioniq 5 AWD (Long Range)§ 74 and 165 kW PMSM Li-Ion 98/110/87 34/31/39 256 8.5 $750 10",
"Ioniq 5 RWD (Long Range)§ 168 kW PMSM Li-Ion 114/132/98 30/25/34 303 8.5 $700 10",
"Ioniq 5 RWD (Standard Range)§ 125 kW PMSM Li-Ion 110/127/94 31/26/35 220 6.3 $700 10",
"LUCID",
"Air Dream P AWD w/19 inch wheels 370 and 459kW ACPM Li-Ion 116/117/114 29/29/29 471 13 $650 10",
"Air Dream P AWD w/21 inch wheels 370 and 459kW ACPM Li-Ion 111/110/111 30/31/30 451 13 $700 10",
"Air Dream R AWD w/19 inch wheels 198 and 498kW ACPM Li-Ion 125/126/125 27/27/27 520 13 $600 10",
"Air Dream R AWD w/21 inch wheels 198 and 498kW ACPM Li-Ion 116/115/117 29/29/29 481 13 $650 10",
"Air G Touring AWD w/19 inch wheels 178 and 433kW ACPM Li-Ion 131/130/132 26/26/25 516 13 $600 10",
"Air G Touring AWD w/21 inch wheels 178 and 433kW ACPM Li-Ion 121/121/122 28/28/28 469 13 $650 10",
"MERCEDES-BENZ",
"AMG EQS 4matic Plus 174 and 310 kW AC 3-Phase Li-Ion 77/76/78 44/45/43 277 12.5 $1 000 10",
"EQS 450 Plus 245 kW ACPM 6-Phase Li-Ion 97/97/97 35/35/35 350 12.5 $800 10",
"EQS 580 4matic 135 and 255 kW AC 3-Phase Li-Ion 95/92/99 36/37/34 340 12.5 $800 10",
"SC AUTOSPORTS LLC",
"Kandi K23 49 kW AC Indution Li-Ion NA NA NA NA NA NA",
"TESLA",
"Model S 247 and 247 kW AC 3-Phase Li-Ion 120/124/115 28/27/29 405 8.3/15‡ $650 10",
"Model S Plaid (19 inch wheels) 250 250 and 250 kW AC 3-Phase Li-Ion 116/119/112 29/28/30 396 8/15‡ $650 10",
"Model S Plaid (21 inch wheels) 250 250 and 250 kW AC 3-Phase Li-Ion 101/102/99 33/33/34 348 8/15‡ $750 10",
"SMALL STATION WAGONS",
"CHEVROLET",
"Bolt EUV 150 kW ACPM Li-Ion 115/125/104 29/27/32 247 7.5 $650 10",
"Bolt EV 150 kW ACPM Li-Ion 120/131/109 28/26/31 259 7.5 $650 10",
"KIA",
"EV6 AWD (Long Range) 74 and 165 kW PMSM Li-Ion 105/116/94 32/29/36 274 8.4 $700 10",
"EV6 RWD (Long Range) 168 kW PMSM Li-Ion 117/134/101 29/25/33 310 8.7 $650 10",
"EV6 RWD (Standard Range) 125 kW PMSM Li-Ion 117/136/100 29/25/34 232 6.3 $650 10",
"Niro Electric 150 kW AC PMSM Li-Ion 112/123/102 30/27/33 239 9.5 $700 10",
"STANDARD PICKUP TRUCKS 2WD",
"FORD",
"F-150 BEV 4X2 NA Li-Ion NA NA NA NA NA NA",
"STANDARD PICKUP TRUCKS 4WD",
"FORD",
"F-150 Lightning 4WD 358 and 358 kW AC PMSM Li-Ion 68/76/61 49/44/56 230 11.9 $1 100 10",
"F-150 Lightning 4WD Extended Range 210 and 210 kW AC PMSM Li-Ion 70/78/63 48/43/54 320 10.1 $1 100 10",
"F-150 Lightning Platinum 4WD 210 and 210 kW AC PMSM Li-Ion 66/73/60 51/46/56 300 9.3 $1 150 10",
"RIVIAN",
"R1T 162 162 163 163kW AC 3-Phase Li-Ion 70/74/66 48/45/51 314 13 $1 100 10",
"SMALL SPORT UTILITY VEHICLES 2WD",
"FORD",
"Mustang Mach-E CAL RT 1 ER RWD 216 kW AC PMSM Li-Ion 101/108/94 33/31/36 314 10.1 $750 10",
"Mustang Mach-E RWD 198 kW AC PMSM Li-Ion 103/110/96 33/31/35 247 8.1 $750 10",
"Mustang Mach-E RWD Extended 216 kW AC PMSM Li-Ion 97/104/90 35/32/37 303 10.9 $800 10",
"HYUNDAI",
"Kona Electric 150 kW AC PMSM Li-Ion 120/132/108 28/26/31 258 9.5 $650 10",
"TESLA",
"Model Y RWD 209 kW AC 3-Phase Li-Ion 129/140/119 26/24/28 244 4.4/8‡ $600 10",
"40",
"Fuel Economy",
"(comb/city/hwy) Driving Charge",
"Time Annual",
"Model Motor Battery",
"Type MPGe kWh/100 mi Range*",
"(miles) (hrs @",
"240 V) Fuel",
"Cost GHG",
"Rating",
"VOLKSWAGEN",
"ID.4 Pro 150 kW AC 3-Phase Li-Ion 107/116/98 32/29/35 275 7.5 $700 10",
"ID.4 Pro S 150 kW AC 3-Phase Li-Ion 102/110/93 33/31/36 262 7.5 $750 10",
"SMALL SPORT UTILITY VEHICLES 4WD",
"FORD",
"Mustang Mach-E AWD 198 and 198 kW AC PMSM Li-Ion 93/99/86 36/34/39 224 8 $800 10",
"Mustang Mach-E AWD Extended 258 and 258 kW AC PMSM Li-Ion 91/97/84 37/35/40 277 10.7 $850 10",
"Mustang Mach-E CAL RT 1 ER AWD 258 and 258 kW AC PMSM Li-Ion 98/105/91 34/32/37 312 11.4 $750 10",
"Mustang Mach-E GT 179 and 179 kW AC PMSM Li-Ion 84/90/77 40/37/44 270 10.3 $900 10",
"Mustang Mach-E GT Performance 179 kW AC PMSM Li-Ion 82/88/75 41/38/45 260 10.1 $950 10",
"MERCEDES-BENZ",
"EQB 300 4matic 72 and 96 kW AC 3-Phase Li-Ion 101/104/98 33/33/34 243 8.2 $750 10",
"EQB 350 4matic 72 and 143 kW AC 3-Phase Li-Ion 96/98/93 35/34/36 227 8.2 $800 10",
"TESLA",
"Model Y AWD 91 and 200 kW AC 3-Phase Li-Ion 123/129/116 28/26/29 279 9.4‡ $600 10",
"Model Y Long Range AWD 91 and 200 kW AC 3-Phase Li-Ion 122/127/117 28/27/29 330 9.6/11.5† $600 10",
"Model Y Performance AWD 133 and 179 kW AC 3-Phase Li-Ion 111/115/106 30/29/32 303 6.6/11.8‡ $700 10",
"VOLKSWAGEN",
"ID.4 AWD Pro 80 and 150 kW AC 3-Phase Li-Ion 101/106/96 33/32/35 251 7.5 $750 10",
"ID.4 AWD Pro S 80 and 150 kW AC 3-Phase Li-Ion 95/100/90 35/34/37 245 7.5 $800 10",
"VOLVO",
"C40 Recharge twin 150 and 150 kW AC PMSM Li-Ion 87/94/80 39/36/42 226 8 $850 10",
"XC40 Recharge twin 150 and 150 kW AC PMSM Li-Ion 85/92/79 39/37/43 223 8 $900 10",
"STANDARD SPORT UTILITY VEHICLES 4WD",
"AUDI",
"e-tron quattro 141 and 172 kW Asynchron 3-Phase Li-Ion 78/78/77 43/43/44 222 10 $1 000 10",
"e-tron S (20in wheels) 138 kW Asynchron 3-Phase Li-Ion 73/72/75 46/47/45 208 10 $1 050 10",
"e-tron S (21/22 inch wheels) 138 kW Asynchron 3-Phase Li-Ion 63/62/64 53/54/52 181 10 $1 200 10",
"e-tron S Sportback (20 inch wheels) 138 kW Asynchron 3-Phase Li-Ion 75/73/78 45/46/43 212 10 $1 000 10",
"e-tron S Sportback (21/22 inch wheels) 157 kW Asynchron 3-Phase Li-Ion 65/64/66 52/53/51 185 10 $1 150 10",
"e-tron Sportback quattro 141 and 172 kW Asynchron 3-Phase Li-Ion 77/76/78 44/44/43 218 10 $1 000 10",
"Q4 e-tron quattro 80 and 150 kW Asynchron 3-Phase Li-Ion 95/100/89 36/34/38 241 9 $800 10",
"Q4 e-tron Sportback quattro 80 and 150 kW Asynchron 3-Phase Li-Ion 95/100/89 36/34/38 241 9 $800 10",
"BMW",
"iX xDrive50 (20 inch wheels) 190 and 230 kW EESM Li-Ion 86/86/87 39/39/39 324 12 $900 10",
"iX xDrive50 (21 inch wheels) 190 and 230 kW EESM Li-Ion 83/82/84 41/41/40 305 12 $900 10",
"iX xDrive50 (22 inch wheels) 190 and 230 kW EESM Li-Ion 86/86/85 39/39/39 315 12 $900 10",
"RIVIAN",
"R1S 162 162 163 163kW AC 3-Phase Li-Ion 69/73/65 49/46/52 316 13 $1 100 10",
"TESLA",
"Model X 243 and 248 kW AC 3-Phase Li-Ion 102/107/97 33/32/35 348 8/14‡ $750 10",
"Model X Plaid (20 inch wheels) 230 230 and 230 kW AC 3-Phase Li-Ion 98/103/93 34/33/36 333 8/14‡ $750 10",
"Model X Plaid (22 inch wheels) 230 230 and 230 kW AC 3-Phase Li-Ion 91/94/88 37/36/38 311 8/14‡ $850 10",
"NOTES AND ABBREVIATIONS:",
"*......................................Range for combined city/highway driving (55% city and 45% highway) DCPM Direct current permanent magnet motor",
"† .................................... First value is time required with the 48A high power charger option","second EESM Externally excited synchronous machine"
"value is with standard charger. Li-Ion Lithium-ion",
"‡ .................................... First value is time required with the 72A high power charger option","second MPGe Miles per gallon gasoline equivalent"
"value is with standard charger. NA Not available",
"§ ....................................Available for sale or lease nationwide in the winter of 2022. PMACS Permanent magnet AC Synchronous",
"AC Induction............. Alternating current induction motor PMSM Permanent magnet synchronous motor",
"ACPM............................Alternating current permanent magnet motor TBD To be determined",
"Manufacturer Model  Total Time Annual",
"Combined MPGe",
"Trans Eng Size Cyl",
"Electric Motor Fuel Comb / City / Hwy MPG Range",
"(miles) Range*",
"(miles) (hrs @",
"240 V) Fuel",
"Cost GHG",
"Rating",
"TWO-SEATER CARS",
"FERRARI",
"296 GTB",
"AM-S8 2.9L 6cyl 137 kW PMSM Electricity + Gasoline 47 MPGe ([72kWh + 0 gal]/100 mi)† 8 330 2.5 $2 950 5",
"Premium Gasoline 18 / 16 / 22 324",
"SF90 Spider",
"AM-8 3.9L 8cyl 99 99 150kW 3-phase Sync. Electricity + Gasoline 44 MPGe ([77kWh + 0 gal]/100 mi)† 8 330 2.5 $3 100 5",
"Premium Gasoline 17 / 16 / 19 320",
"SF90 Stradale",
"AM-8 3.9L 8cyl 99 99 150kW 3-phase Sync. Electricity + Gasoline 51 MPGe ([66kWh + 0 gal]/100 mi)† 9 330 2.5 $3 000 5",
"Premium Gasoline 18 / 16 / 20 320",
"COMPACT CARS",
"BMW",
"330e Sedan",
"A-S8 2.0L 4cyl 80 kW PMSM Electricity + Gasoline 75 MPGe ([45kWh + 0 gal]/100 mi)† 23 320 3 $1 600 9",
"Premium Gasoline 28 / 25 / 33 302",
"330e xDrive Sedan",
"A-S8 2.0L 4cyl 80 kW PMSM Electricity + Gasoline 67 MPGe ([51kWh + 0 gal]/100 mi)† 20 290 3 $1 850 9",
"Premium Gasoline 25 / 22 / 30 271",
"530e Sedan",
"A-S8 2.0L 4cyl 80 kW PMSM Electricity + Gasoline 64 MPGe ([49kWh + 0 gal]/100 mi)† 21 340 3 $1 750 9",
"Premium Gasoline 26 / 24 / 29 323",
"530e xDrive Sedan",
"A-S8 2.0L 4cyl 80 kW PMSM Electricity + Gasoline 62 MPGe ([53kWh + 0 gal]/100 mi)† 19 320 3 $1 950 8",
"Premium Gasoline 25 / 22 / 28 302",
"VOLVO",
"S60 T8 AWD Recharge",
"A-S8 2.0L 4cyl 34 and 65 kW 3-phase Sync. Electricity + Gasoline 69 MPGe ([47kWh + 0.1 gal]/100 mi) 22 510 3 $1 550 10",
"Premium Gasoline 30 / 28 / 33 485",
"S60 T8 AWD Recharge ext. Range",
"A-S8 2.0L 4cyl 34 and 107 kW 3-phase Sync. Electricity + Gasoline 74 MPGe ([44kWh + 0.1 gal]/100 mi) 40 530 5 $1 300 10",
"Premium Gasoline 31 / 30 / 33 492",
"MIDSIZE CARS",
"AUDI",
"A7 TFSI e quattro",
"AM-S7 2.0L 4cyl 105 kW AC Induction Electricity + Gasoline 70 MPGe ([48kWh + 0 gal]/100 mi)† 26 410 3 $1 500 10",
"Premium Gasoline 27 / 25 / 31 387",
"BENTLEY",
"Flying Spur Hybrid",
"AM-S8 2.9L 6cyl 103 kW AC Induction Electricity + Gasoline 46 MPGe ([74kWh + 0 gal]/100 mi)† 21 430 3 $2 500 7",
"Premium Gasoline 19 / 17 / 22 406",
"HYUNDAI",
"Ioniq Plug-in Hybrid",
"AM-S6 1.6L 4cyl 45 kW IPMSM Electricity + Gasoline 119 MPGe ([28kWh + 0 gal]/100 mi)† 29 620 2.2 $750 10",
"Gasoline 52 / 52 / 51 593",
"Charge",
"Time",
"Fuel Economy",
"Combined MPGe",
"Manufacturer Model  Total Annual",
"Trans Eng Size Cyl",
"Electric Motor Fuel Comb / City / Hwy MPG Range",
"(miles) Range*",
"(miles) (hrs @",
"240 V) Fuel",
"Cost GHG",
"Rating",
"MERCEDES-BENZ",
"AMG ONE",
"A-M 8 6cyl 800 V Permanent Magnet Rotor NA NA NA NA NA NA NA",
"NA NA NA",
"MINI",
"Cooper SE Countryman All4",
"A-S6 1.5L 3cyl 65 kW AC Induction Electricity + Gasoline 73 MPGe ([46kWh + 0 gal]/100 mi)† 18 300 2 $1 650 9",
"Premium Gasoline 29 / 29 / 30 280",
"TOYOTA",
"Prius Prime",
"AV 1.8L 4cyl 22 and 53 kW AC Induction Electricity + Gasoline 133 MPGe ([25kWh + 0 gal]/100 mi)† 25 640 2 $700 10",
"Gasoline 54 / 55 / 53 618",
"VOLVO",
"S90 T8 AWD Recharge",
"A-S8 2.0L 4cyl 34 and 65 kW 3-phase Sync. Electricity + Gasoline 63 MPGe ([51kWh + 0.1 gal]/100 mi) 21 490 3 $1 650 9",
"Premium Gasoline 30 / 28 / 31 473",
"S90 T8 AWD Recharge ext. Range",
"A-S8 2.0L 4cyl 34 and 107 kW 3-phase Sync. Electricity + Gasoline 66 MPGe ([48kWh + 0.1 gal]/100 mi) 38 500 5 $1 450 10",
"Premium Gasoline 29 / 28 / 31 465",
"LARGE CARS",
"BMW",
"745e xDrive",
"A-S8 3.0L 6cyl 83 kW PMSM Electricity + Gasoline 56 MPGe ([60kWh + 0 gal]/100 mi)† 17 290 4 $2 250 7",
"Premium Gasoline 22 / 19 / 26 270",
"PORSCHE",
"Panamera 4 E-Hybrid/Exec/ST",
"AM-S8 2.9L 6cyl 70 kW DC Brushless Electricity + Gasoline 52 MPGe ([64kWh + 0 gal]/100 mi)† 19 480 3 $2 200 8",
"Premium Gasoline 22 / 21 / 24 463",
"Panamera 4S E-Hybrid/Exec/ST",
"AM-S8 2.9L 6cyl 70 kW DC Brushless Electricity + Gasoline 50 MPGe ([66kWh + 0 gal]/100 mi)† 19 480 3 $2 250 8",
"Premium Gasoline 22 / 21 / 23 461",
"Panamera Turbo S E-Hybrid/Exec/ST",
"AM-S8 4.0L 8cyl 100 kW DC Brushless Electricity + Gasoline 48 MPGe ([70kWh + 0 gal]/100 mi)† 17 430 3 $2 500 7",
"Premium Gasoline 19 / 18 / 22 413",
"SMALL STATION WAGONS",
"KIA",
"Niro Plug-in Hybrid",
"AM-S6 1.6L 4cyl 45 kW IPMSM Electricity + Gasoline 105 MPGe ([32kWh + 0 gal]/100 mi)† 26 560 2.2 $850 10",
"Gasoline 46 / 48 / 44 530",
"VOLVO",
"V60 T8 AWD Recharge",
"A-S8 2.0L 4cyl 34 and 65 kW 3-phase Sync. Electricity + Gasoline 69 MPGe ([47kWh + 0.1 gal]/100 mi) 22 510 3 $1 550 10",
"Premium Gasoline 30 / 28 / 33 485",
"V60 T8 AWD Recharge ext. Range",
"A-S8 2.0L 4cyl 34 and 107 kW 3-phase Sync. Electricity + Gasoline 74 MPGe ([44kWh + 0.1 gal]/100 mi) 40 530 5 $1 300 10",
"Premium Gasoline 31 / 30 / 33 492",
"44",
"Manufacturer Model  Total Time Annual",
"Combined MPGe",
"Trans Eng Size Cyl",
"Electric Motor Fuel Comb / City / Hwy MPG Range",
"(miles) Range*",
"(miles) (hrs @",
"240 V) Fuel",
"Cost GHG",
"Rating",
"MINIVANS 2WD",
"CHRYSLER",
"Pacica Hybrid‡",
"AV 3.6L 6cyl 89 kW AC Induction Electricity + Gasoline 82 MPGe ([41kWh + 0 gal]/100 mi)† 32 520 2 $1 200 10",
"Gasoline 30 / 29 / 30 487",
"SMALL SPORT UTILITY VEHICLES 2WD",
"FORD",
"Escape FWD PHEV",
"AV 2.5L 4cyl 96 kW DCPM Electricity + Gasoline 105 MPGe ([32kWh + 0 gal]/100 mi)† 37 520 3.3 $900 10",
"Gasoline 40 / 43 / 38 487",
"SMALL SPORT UTILITY VEHICLES 4WD",
"AUDI",
"Q5 TFSI e quattro",
"AM-S7 2.0L 4cyl 105 kW AC Induction Electricity + Gasoline 61 MPGe ([56kWh + 0 gal]/100 mi)† 23 390 3 $1 750 10",
"Premium Gasoline 26 / 25 / 27 369",
"HYUNDAI",
"Santa Fe Plug-in Hybrid",
"AM-S6 1.6L 4cyl 67 kW AC PMSM Electricity + Gasoline 76 MPGe ([44kWh + 0 gal]/100 mi)† 31 440 3.4 $1 200 10",
"Gasoline 33 / 33 / 32 407",
"Tucson Plug-in Hybrid",
"AM-S6 1.6L 4cyl 67 kW AC PMSM Electricity + Gasoline 80 MPGe ([42kWh + 0 gal]/100 mi)† 33 420 1.7 $1 100 10",
"Gasoline 35 / 35 / 35 389",
"JEEP",
"Wrangler 4dr 4xe§",
"A-8 2.0L 4cyl 100 kW AC Induction Electricity + Gasoline 49 MPGe ([68kWh + 0 gal]/100 mi)† 22 370 2.4 $1 950 8",
"Gasoline 20 / 20 / 20 346",
"KIA",
"Sorento Plug-in Hybrid",
"AM-S6 1.6L 4cyl 67 kW AC PMSM Electricity + Gasoline 79 MPGe ([43kWh + 0 gal]/100 mi)† 32 460 3.4 $1 150 10",
"Gasoline 34 / 35 / 33 423",
"LEXUS",
"NX 450h Plus AWD",
"AV-S6 2.5L 4cyl 40 and 134 kW AC Induction Electricity + Gasoline 84 MPGe ([40kWh + 0 gal]/100 mi)† 37 550 4.5 $1 200 10",
"Premium Gasoline 36 / 38 / 33 517",
"LINCOLN",
"Corsair AWD PHEV",
"AV 2.5L 4cyl 50 and 96 kW DCPM Electricity + Gasoline 78 MPGe ([43kWh + 0 gal]/100 mi)† 28 430 3.5 $1 150 10",
"Gasoline 33 / 34 / 32 400",
"MITSUBISHI",
"Outlander PHEV",
"A-1 2.4L 4cyl 60 and 70 kW DCPM Electricity + Gasoline 74 MPGe ([45kWh + 0 gal]/100 mi)† 24 320 4 $1 400 9",
"Gasoline 26 / 26 / 26 292",
"TOYOTA",
"RAV4 Prime 4WD",
"AV-S6 2.5L 4cyl 40 and 134 kW AC Induction Electricity + Gasoline 94 MPGe ([36kWh + 0 gal]/100 mi)† 42 600 4.5 $950 10",
"Gasoline 38 / 40 / 36 557",